_time,SR_R_FC3,u_SR_R_FC3_k1_rel,U_SR_R_FC3_k2_rel,SR_R_FC4,u_SR_R_FC4_k1_rel,U_SR_R_FC4_k2_rel,SR_R_FC5,u_SR_R_FC5_k1_rel,U_SR_R_FC5_k2_rel
2024-08-01 00:00:00+00:00,97.18056475343015,0.01607751827121839,0.03215503654243678,95.29339590915203,0.016092158252977763,0.032184316505955525,95.03899186505015,0.01609590572770864,0.03219181145541728
2024-08-02 00:00:00+00:00,91.81660375041558,0.01590765120887115,0.0318153024177423,89.8446644415202,0.01592365051506147,0.03184730103012294,89.73106421983195,0.015925097404807086,0.03185019480961417
2024-08-03 00:00:00+00:00,91.73272293298933,0.015903419999437517,0.031806839998875035,89.8114668181634,0.015918937751087974,0.03183787550217595,89.57730925539894,0.01592165770488532,0.03184331540977064
2024-08-04 00:00:00+00:00,91.67140458787131,0.015896161926229387,0.031792323852458775,89.8361394862376,0.015910567507611266,0.03182113501522253,89.58463808414508,0.01591347559118192,0.03182695118236384
2024-08-05 00:00:00+00:00,91.71613214256213,0.01589549713434519,0.03179099426869038,89.77150255101434,0.01591084282773389,0.03182168565546778,89.56918945855872,0.015913221000473883,0.031826442000947766
2024-08-06 00:00:00+00:00,92.13093659875602,0.015879655331374,0.031759310662748,90.05315454187463,0.015896014199656142,0.031792028399312285,89.92847362974571,0.0158973251675888,0.0317946503351776
2024-08-07 00:00:00+00:00,92.50844106162478,0.01586414903536605,0.0317282980707321,91.05471625062481,0.01587092785771707,0.03174185571543414,89.61119503360428,0.015888125915248963,0.031776251830497926
2024-08-08 00:00:00+00:00,91.85999905707654,0.015855174196776952,0.031710348393553904,89.90405116972441,0.01586954815723063,0.03173909631446126,89.54706097292852,0.015873450667756188,0.031746901335512376
2024-08-09 00:00:00+00:00,91.84371232779884,0.015839908846483453,0.031679817692966905,89.71722449831228,0.01585544397595597,0.03171088795191194,89.48776804016045,0.015857964724421424,0.03171592944884285
2024-08-10 00:00:00+00:00,91.80455046415658,0.015836612229498916,0.03167322445899783,89.7749958604095,0.01585106561466803,0.03170213122933606,89.47475402399078,0.015854517447207832,0.031709034894415664
2024-08-11 00:00:00+00:00,91.84646801014303,0.015830707858268706,0.03166141571653741,89.76851369080309,0.01584553976607471,0.03169107953214942,89.64344598950436,0.015846950640828233,0.031693901281656466
2024-08-12 00:00:00+00:00,,,,,,,,,
2024-08-13 00:00:00+00:00,,,,,,,,,
2024-08-14 00:00:00+00:00,,,,,,,,,
2024-08-15 00:00:00+00:00,,,,,,,,,
2024-08-16 00:00:00+00:00,,,,,,,,,
2024-08-17 00:00:00+00:00,,,,,,,,,
2024-08-18 00:00:00+00:00,,,,,,,,,
2024-08-19 00:00:00+00:00,,,,,,,,,
2024-08-20 00:00:00+00:00,,,,,,,,,
2024-08-21 00:00:00+00:00,,,,,,,,,
2024-08-22 00:00:00+00:00,,,,,,,,,
2024-08-23 00:00:00+00:00,,,,,,,,,
2024-08-24 00:00:00+00:00,,,,,,,,,
2024-08-25 00:00:00+00:00,,,,,,,,,
2024-08-26 00:00:00+00:00,,,,,,,,,
2024-08-27 00:00:00+00:00,,,,,,,,,
2024-08-28 00:00:00+00:00,,,,,,,,,
2024-08-29 00:00:00+00:00,,,,,,,,,
2024-08-30 00:00:00+00:00,,,,,,,,,
2024-08-31 00:00:00+00:00,,,,,,,,,
2024-09-01 00:00:00+00:00,,,,,,,,,
2024-09-02 00:00:00+00:00,,,,,,,,,
2024-09-03 00:00:00+00:00,,,,,,,,,
2024-09-04 00:00:00+00:00,,,,,,,,,
2024-09-05 00:00:00+00:00,91.73353838328853,0.015750377407179467,0.03150075481435893,90.84771816240062,0.015755354874208503,0.03151070974841701,89.18853538228898,0.015767217634834685,0.03153443526966937
2024-09-06 00:00:00+00:00,91.57279774779612,0.015750553086441643,0.031501106172883285,91.07964958311256,0.01575262782516782,0.03150525565033564,89.10576168670609,0.015767040692909,0.031534081385818
2024-09-07 00:00:00+00:00,91.44587713238853,0.01581374696130775,0.0316274939226155,88.92667268825434,0.015838042387991476,0.03167608477598295,88.69310993336528,0.015840281067477358,0.031680562134954716
2024-09-08 00:00:00+00:00,91.51858646004223,0.015737798521224644,0.03147559704244929,88.85683999330136,0.015755047576810337,0.031510095153620674,88.83411675939864,0.015755030478328155,0.03151006095665631
2024-09-09 00:00:00+00:00,91.48936194760516,0.01573117691262462,0.03146235382524924,88.91315766415262,0.015747447312148565,0.03149489462429713,88.8611880759989,0.01574777003249654,0.03149554006499308
2024-09-10 00:00:00+00:00,92.77850935478023,0.015730433674271155,0.03146086734854231,95.21674650440657,0.01572405203112256,0.03144810406224512,89.94798347256182,0.015748615858116974,0.03149723171623395
2024-09-11 00:00:00+00:00,93.2111479947992,0.01573679617703567,0.03147359235407134,98.82658750106725,0.015704160503609354,0.03140832100721871,89.16253945471941,0.015765986122423067,0.031531972244846135
2024-09-12 00:00:00+00:00,92.36958490359386,0.01562811462835505,0.0312562292567101,98.16446692302195,0.015602782919486469,0.031205565838972937,89.08214543331466,0.01564468397215245,0.0312893679443049
2024-09-13 00:00:00+00:00,92.04456854265392,0.015721764669373167,0.031443529338746334,98.61253475161644,0.01568264677996195,0.0313652935599239,89.04985855369046,0.015740525145391433,0.03148105029078287
2024-09-14 00:00:00+00:00,92.22133712141768,0.015715596271869057,0.031431192543738114,98.54057229806493,0.01567877625344755,0.0313575525068951,88.98209074001318,0.015736007215323342,0.031472014430646685
2024-09-15 00:00:00+00:00,92.13090899304815,0.015712321209788833,0.03142464241957767,98.43016698143045,0.01567543589974145,0.0313508717994829,88.96684052086215,0.015731783383963135,0.03146356676792627
2024-09-16 00:00:00+00:00,92.16302020336035,0.015712080716891414,0.03142416143378283,98.26415563822857,0.015676282119730395,0.03135256423946079,88.87063986171388,0.01573232662837018,0.03146465325674036
2024-09-17 00:00:00+00:00,92.4644064470658,0.01571072537570894,0.03142145075141788,89.66662978057506,0.015725100394678827,0.03145020078935765,89.38555436360714,0.01572872188751184,0.03145744377502368
2024-09-18 00:00:00+00:00,92.01026123408181,0.015721231281133417,0.031442462562266835,89.19113962532258,0.015738871041538368,0.031477742083076736,89.13747305028384,0.01573947254477076,0.03147894508954152
2024-09-19 00:00:00+00:00,92.17302659770523,0.015705052427206805,0.03141010485441361,89.18599634604233,0.01572289214147457,0.03144578428294914,89.1949420334237,0.015723041369395285,0.03144608273879057
2024-09-20 00:00:00+00:00,92.17800633054978,0.01571039662658542,0.03142079325317084,89.10008395138638,0.015729018308418923,0.031458036616837846,89.11171677255467,0.015729159904853744,0.03145831980970749
2024-09-21 00:00:00+00:00,92.02333692134962,0.015711161434853856,0.03142232286970771,89.17830093761219,0.015728167171550185,0.03145633434310037,89.29014206107077,0.015727685707485697,0.03145537141497139
2024-09-22 00:00:00+00:00,91.77270702406281,0.015726574391551312,0.031453148783102625,88.98839708389454,0.015744039590437617,0.031488079180875234,89.10984047520724,0.015743399261737744,0.03148679852347549
2024-09-23 00:00:00+00:00,91.58166421381274,0.015821524738699334,0.03164304947739867,88.7653184753601,0.015842805645272563,0.031685611290545125,88.90603799969313,0.015841751280083836,0.03168350256016767
2024-09-24 00:00:00+00:00,93.88285504622097,0.015986464469661253,0.031972928939322506,99.32441966813704,0.01595418283113596,0.03190836566227192,90.85300040676994,0.016018155911311054,0.03203631182262211
2024-09-25 00:00:00+00:00,92.09470815128728,0.015693346360051003,0.03138669272010201,98.4911934080418,0.015658658660260838,0.031317317320521676,89.37258928337793,0.01570957778435404,0.03141915556870808
2024-09-26 00:00:00+00:00,92.3714236805528,0.01568625805879299,0.03137251611758598,98.47144532896993,0.01565334497553067,0.03130668995106134,89.2937249641222,0.015703895936617588,0.031407791873235176
2024-09-27 00:00:00+00:00,92.1975176223212,0.01569438888230369,0.03138877776460738,98.56093281073495,0.01565952674412159,0.03131905348824318,89.34646653788576,0.015711131309517037,0.03142226261903407
2024-09-28 00:00:00+00:00,92.17516416412357,0.015694755278865193,0.031389510557730385,98.516864765252,0.01566021139989633,0.03132042279979266,89.29447132541891,0.015711963176868782,0.031423926353737565
2024-09-29 00:00:00+00:00,92.22622214701242,0.01569483809785046,0.03138967619570092,98.44233621631847,0.015660977794106735,0.03132195558821347,89.23141691888496,0.01571279996996104,0.03142559993992208
2024-09-30 00:00:00+00:00,92.02182387491548,0.015694758460346816,0.03138951692069363,98.32261909294162,0.015660263849781114,0.03132052769956223,89.15089825792218,0.01571183835947427,0.03142367671894854
2024-10-01 00:00:00+00:00,93.32828793749405,0.015684649716829452,0.031369299433658904,91.10526550063149,0.01569761592296863,0.03139523184593726,90.12736969044671,0.015707239870698716,0.03141447974139743
2024-10-02 00:00:00+00:00,92.23625622984858,0.015686836245355346,0.03137367249071069,89.39628632298657,0.015703416436546044,0.03140683287309209,89.30290610722679,0.015704113064112162,0.031408226128224324
2024-10-03 00:00:00+00:00,92.28709680140993,0.01568904117947761,0.03137808235895522,89.4250077472007,0.015705637993659188,0.031411275987318375,89.41645665753475,0.015705740790973793,0.031411481581947585
2024-10-04 00:00:00+00:00,92.27806073724999,0.01569124723498369,0.03138249446996738,89.37950701507239,0.015708238887125373,0.031416477774250745,89.36935568373833,0.01570820543685757,0.03141641087371514
2024-10-05 00:00:00+00:00,92.13850810000676,0.015697243010361992,0.031394486020723984,89.3227345761003,0.01571411895219042,0.03142823790438084,89.30354533347828,0.015714157739537625,0.03142831547907525
2024-10-06 00:00:00+00:00,91.51049168167283,0.0158625159187764,0.0317250318375528,88.60596059390349,0.01588907857833552,0.03177815715667104,88.73962420772074,0.015887124374918512,0.031774248749837024
2024-10-07 00:00:00+00:00,96.0603119602885,0.01862354924871718,0.03724709849743436,92.84209199742249,0.01878061866265802,0.03756123732531604,95.00045960798559,0.018680019471771423,0.037360038943542846
2024-10-08 00:00:00+00:00,94.21800511944464,0.0165848642408904,0.0331697284817808,96.58597919238818,0.01668845138858656,0.03337690277717312,92.26760832936812,0.016714100671000976,0.03342820134200195
2024-10-09 00:00:00+00:00,96.92379623608343,2.6350011175145776,5.270002235029155,93.96469341285155,0.015635275902042178,0.031270551804084355,85.44197659279007,0.015682837266977775,0.03136567453395555
2024-10-10 00:00:00+00:00,92.0391272142123,0.0156833806773673,0.0313667613547346,98.44468845302553,0.015649775162120926,0.03129955032424185,89.12066588563381,0.015700554418441863,0.031401108836883726
2024-10-11 00:00:00+00:00,92.10440768963444,0.015670858638257103,0.031341717276514205,98.10069239600958,0.015639980467797736,0.03127996093559547,88.79331507136568,0.01568958844469821,0.03137917688939642
2024-10-12 00:00:00+00:00,92.14523611803732,0.015675426873455214,0.03135085374691043,98.20492051838866,0.015644046098895067,0.031288092197790135,88.88989426450917,0.015694143703946683,0.031388287407893366
2024-10-13 00:00:00+00:00,91.84504244856724,0.01567359703074826,0.03134719406149652,97.83020838575844,0.015642430112057362,0.031284860224114724,88.65321976647033,0.015691860845244803,0.031383721690489606
2024-10-14 00:00:00+00:00,92.07908938967525,0.015672417034477498,0.031344834068954996,98.04010488953621,0.015641562237779995,0.03128312447555999,88.77138669297045,0.015691245034469975,0.03138249006893995
2024-10-15 00:00:00+00:00,93.43352881307742,0.01566715428667783,0.03133430857335566,93.96167782861177,0.015659394405327723,0.031318788810655446,90.04648098411445,0.01568663812243238,0.03137327624486476
2024-10-16 00:00:00+00:00,92.5437820524086,0.015675419984367573,0.031350839968735146,89.42008504845504,0.015692935941564547,0.03138587188312909,89.48539405824883,0.015692574878359178,0.031385149756718356
2024-10-17 00:00:00+00:00,92.55389743293769,0.015667875290883374,0.03133575058176675,89.41152016729494,0.015685311353770725,0.03137062270754145,89.41486187749813,0.015685261176545097,0.031370522353090194
2024-10-18 00:00:00+00:00,92.46497805578494,0.015663441290535964,0.03132688258107193,89.27541834823087,0.015680925173692364,0.03136185034738473,89.30650955706786,0.01568079461695876,0.03136158923391752
2024-10-19 00:00:00+00:00,92.52882164168449,0.015661936805330876,0.03132387361066175,89.33796386475576,0.015679659529809226,0.03135931905961845,89.34825699452327,0.015679605157099107,0.031359210314198215
2024-10-20 00:00:00+00:00,92.39798683978843,0.01566318256074264,0.03132636512148528,89.2031047622107,0.015680899611428187,0.031361799222856375,89.18579706451102,0.01568098808697504,0.03136197617395008
2024-10-21 00:00:00+00:00,92.31603142705748,0.015667690526308623,0.031335381052617246,89.30365264977037,0.01568438967379101,0.03136877934758202,89.25764918686156,0.0156845706129022,0.0313691412258044
2024-10-22 00:00:00+00:00,92.1074689514045,0.01567385386019638,0.03134770772039276,89.21074732664135,0.0156909819795407,0.0313819639590814,88.63985761176832,0.015695516870677974,0.03139103374135595
2024-10-23 00:00:00+00:00,90.10526482462473,0.015684401863665764,0.03136880372733153,87.62639069929585,0.015698586501707718,0.031397173003415435,86.91275435845698,0.015703381270675793,0.031406762541351586
2024-10-24 00:00:00+00:00,90.17262981056078,0.015683125091831642,0.031366250183663284,87.72634565287262,0.015697015662897218,0.031394031325794436,86.94359040259793,0.01570219993360968,0.03140439986721936
2024-10-25 00:00:00+00:00,90.21847368968555,0.0156779863604081,0.0313559727208162,87.71352586439433,0.015692282035363044,0.03138456407072609,86.91131357564115,0.01569756536788037,0.03139513073576074
2024-10-26 00:00:00+00:00,89.75283947601183,0.015680499416195568,0.031360998832391136,87.67079952996777,0.01569231491130211,0.03138462982260422,86.81549125407012,0.0156978731927882,0.0313957463855764
2024-10-27 00:00:00+00:00,89.72179270424549,0.01568554596842314,0.03137109193684628,87.55107608534034,0.015698045090272776,0.03139609018054555,86.78714763157448,0.01570331752910624,0.03140663505821248
2024-10-28 00:00:00+00:00,89.69345159188585,0.01569093842666812,0.03138187685333624,87.48971464062565,0.015703888666169688,0.031407777332339376,86.77529880653634,0.01570886066137455,0.0314177213227491
2024-10-29 00:00:00+00:00,94.22300429744202,0.4139912414045992,0.8279824828091984,96.4008165718408,0.05175440534867187,0.10350881069734374,89.38337826418174,0.05492472246379797,0.10984944492759594
2024-10-30 00:00:00+00:00,92.2330724274249,0.01567573377353016,0.03135146754706032,98.36395881910984,0.015644075222933443,0.031288150445866886,89.05013159302278,0.015693896686370144,0.03138779337274029
2024-10-31 00:00:00+00:00,92.2109398725654,0.01567618732197458,0.03135237464394916,98.27777933378789,0.015644725846165608,0.031289451692331216,89.07257325115394,0.015694088249928125,0.03138817649985625
2024-11-01 00:00:00+00:00,92.26025785680754,0.01567638015426573,0.03135276030853146,98.2675243099846,0.015645392407536533,0.03129078481507307,89.10378461045504,0.015694558880540825,0.03138911776108165
2024-11-02 00:00:00+00:00,91.99568103228354,0.01568114730468504,0.03136229460937008,98.16207956999443,0.015648749664911393,0.03129749932982279,88.99865434027484,0.015698471837837295,0.03139694367567459
2024-11-03 00:00:00+00:00,91.96078717737818,0.015681744576627885,0.03136348915325577,98.14130251270687,0.01564919801776501,0.03129839603553002,89.03519840034787,0.015698769864529113,0.031397539729058226
2024-11-04 00:00:00+00:00,91.95612406752193,0.015675342915219437,0.031350685830438874,98.04134873515612,0.0156437151611405,0.031287430322281,88.90107292402061,0.015692699723304945,0.03138539944660989
2024-11-05 00:00:00+00:00,94.28586676897726,0.13538706276220386,0.2707741255244077,92.72976048034016,0.4317478837744018,0.8634957675488036,90.65876473361035,0.5315030245929254,1.0630060491858508
2024-11-06 00:00:00+00:00,92.15267987243136,0.015676633481948133,0.031353266963896266,89.08965544394248,0.01569412342553401,0.03138824685106802,89.15772028026471,0.015693545281232044,0.03138709056246409
2024-11-07 00:00:00+00:00,92.22930811912234,0.015676555038709662,0.031353110077419324,89.01837570139624,0.01569500620478849,0.03139001240957698,89.16216340153301,0.015694074379389248,0.031388148758778496
2024-11-08 00:00:00+00:00,92.12934434016509,0.015676317382231082,0.031352634764462164,88.93472363942868,0.0156946887892555,0.031389377578511,89.07567063029079,0.015693763826815074,0.03138752765363015
2024-11-09 00:00:00+00:00,91.97306555877482,0.015686226867873014,0.03137245373574603,88.90928841588573,0.015704184100653853,0.031408368201307706,89.02332057996293,0.01570336811683176,0.03140673623366352
2024-11-10 00:00:00+00:00,91.89031078278157,0.01568781420858035,0.0313756284171607,88.89690714993155,0.01570549731072543,0.03141099462145086,88.96421224284242,0.01570492458080401,0.03140984916160802
2024-11-11 00:00:00+00:00,91.86375385157798,0.20961719189569897,0.41923438379139794,88.04452477505909,0.8128398895720645,1.625679779144129,88.09497539591922,0.9347673452444843,1.8695346904889687
2024-11-12 00:00:00+00:00,93.15450093110266,0.015668614371384296,0.03133722874276859,98.31382277890188,0.01564532780447171,0.03129065560894342,89.92981829055381,0.015686192467552935,0.03137238493510587
2024-11-13 00:00:00+00:00,92.11866507254602,0.015686903080843754,0.03137380616168751,98.37066590731031,0.015653588365999956,0.03130717673199991,89.00912642411313,0.015705182865973194,0.03141036573194639
2024-11-14 00:00:00+00:00,92.06063414406083,0.01569276641088361,0.03138553282176722,98.24149087916997,0.015659241013552733,0.031318482027105465,88.97978045576964,0.015711190677495598,0.031422381354991195
2024-11-15 00:00:00+00:00,92.0714039336853,0.01569533813995688,0.03139067627991376,98.20941942412185,0.015661877746700487,0.031323755493400975,88.91720916582561,0.01571441141531962,0.03142882283063924
2024-11-16 00:00:00+00:00,91.73640370362271,0.01569634495516194,0.03139268991032388,98.08062661666831,0.015661434529124618,0.031322869058249235,88.67872958861182,0.015714783956822204,0.03142956791364441
2024-11-17 00:00:00+00:00,91.7737470896213,0.015695794754194893,0.031391589508389786,98.08322536621243,0.015661084278207244,0.03132216855641449,88.65326918819929,0.01571459093955672,0.03142918187911344
2024-11-18 00:00:00+00:00,91.47500498921863,0.01571485506765796,0.03142971013531592,98.07651797470993,0.015676685127063716,0.03135337025412743,88.4236960116303,0.01573420969440315,0.0314684193888063
2024-11-19 00:00:00+00:00,91.71417533622224,0.01569709512719817,0.03139419025439634,88.11725647190974,0.015717434540729994,0.03143486908145999,87.70821091984253,0.015721557035498844,0.03144311407099769
2024-11-20 00:00:00+00:00,89.58135358470192,0.01571623747754967,0.03143247495509934,85.54798990470788,0.015743845167398067,0.031487690334796134,85.48842572209382,0.015744347929354013,0.031488695858708025
2024-11-21 00:00:00+00:00,89.69289413680228,0.015699748765003557,0.03139949753000711,85.70479318419999,0.015725971560141355,0.03145194312028271,88.4682011607244,0.01570431171666668,0.03140862343333336
2024-11-22 00:00:00+00:00,89.65447767547568,0.015703912428416716,0.03140782485683343,85.75225169865277,0.015729745844627864,0.03145949168925573,85.98310332445779,0.01572708553145055,0.0314541710629011
2024-11-23 00:00:00+00:00,89.41075221496467,0.015718881476155765,0.03143776295231153,85.51408810022298,0.01574567298697442,0.03149134597394884,85.54118085899071,0.01574552867251994,0.03149105734503988
2024-11-24 00:00:00+00:00,89.40252613979486,0.01573844008517671,0.03147688017035342,85.33512646900967,0.015767497850110668,0.031534995700221335,85.52350939556304,0.01576629828232696,0.03153259656465392
2024-11-25 00:00:00+00:00,89.2615731328979,0.015766549304976188,0.031533098609952376,85.4034838806295,0.015795898538193527,0.031591797076387054,85.43868178778357,0.015795599389150754,0.03159119877830151
2024-11-26 00:00:00+00:00,93.27988408092538,0.015699426306487057,0.031398852612974114,90.25276452041625,0.01571718208719721,0.03143436417439442,97.21102014806785,0.015686335622597313,0.031372671245194626
2024-11-27 00:00:00+00:00,91.3559690085285,0.01571270314593982,0.03142540629187964,88.12807763533682,0.01573361515868256,0.03146723031736512,98.35025344977434,0.015672720860260173,0.031345441720520346
2024-11-28 00:00:00+00:00,91.32973202668043,0.015711459312492793,0.031422918624985585,88.08041806029243,0.015732260811987513,0.03146452162397503,98.17831472624762,0.0156722267321335,0.031344453464267
2024-11-29 00:00:00+00:00,91.34341064850446,0.015703745376623012,0.031407490753246024,88.1037664452664,0.015723877481508653,0.031447754963017306,98.22439192401033,0.015664986140495513,0.03132997228099103
2024-11-30 00:00:00+00:00,91.19874963916021,0.015707692657093163,0.03141538531418633,87.92303471834666,0.01572884983536889,0.03145769967073778,98.00464777743655,0.015669168646690337,0.031338337293380675
2024-12-01 00:00:00+00:00,91.25671268896407,0.015707584728723564,0.03141516945744713,87.85506872445528,0.015729447931915386,0.03145889586383077,97.9664340096873,0.015669376525400746,0.03133875305080149
2024-12-02 00:00:00+00:00,91.5651151273248,0.015722686363948496,0.03144537272789699,87.72461562108182,0.015748425535097105,0.03149685107019421,97.77393440446235,0.015685832917749238,0.031371665835498476
2024-12-03 00:00:00+00:00,93.74652625153531,0.01568408170186168,0.03136816340372336,90.50537622666796,0.01570223861314033,0.03140447722628066,90.27267330276865,0.015704055653839623,0.031408111307679246
2024-12-04 00:00:00+00:00,91.8648847397835,0.015706748089815745,0.03141349617963149,88.52589128891394,0.015727620815738516,0.03145524163147703,88.47859125832048,0.015728019944080865,0.03145603988816173
2024-12-05 00:00:00+00:00,91.63308683350617,0.015731496422826573,0.03146299284565315,88.3288355966954,0.015753833209312545,0.03150766641862509,88.33839271421897,0.015753654613513232,0.031507309227026464
2024-12-06 00:00:00+00:00,91.65275578213469,0.015699682606601754,0.03139936521320351,88.30869592962382,0.015720501644072196,0.03144100328814439,88.27877254291818,0.015720608611411658,0.031441217222823316
2024-12-07 00:00:00+00:00,91.5801484145739,0.015706002280349914,0.03141200456069983,88.22384720056003,0.015727447738939047,0.031454895477878095,88.22396311172338,0.01572728901049949,0.03145457802099898
2024-12-08 00:00:00+00:00,91.30394703415497,0.015715493398980613,0.031430986797961226,87.90255122387406,0.015737530173753178,0.031475060347506356,87.9650031442206,0.015737022572608842,0.031474045145217684
2024-12-09 00:00:00+00:00,91.20223284117587,0.01573219544198083,0.03146439088396166,87.91841711297398,0.01575442109279898,0.03150884218559796,87.88275485362811,0.015754624189462094,0.03150924837892419
2024-12-10 00:00:00+00:00,92.1623551525387,0.015770196591789527,0.031540393183579055,89.17107128776556,0.01579192015219679,0.03158384030439358,97.04352072389678,0.015745896003463,0.031491792006926
2024-12-11 00:00:00+00:00,92.08229017637098,0.01570557656914141,0.03141115313828282,88.97584093684335,0.015724777236280907,0.031449554472561814,98.19640839068947,0.015670767678342173,0.031341535356684345
2024-12-12 00:00:00+00:00,92.2776798240054,0.01569620769810798,0.03139241539621596,89.12079206790312,0.015715384598251635,0.03143076919650327,98.19276458174657,0.015663445228612866,0.03132689045722573
2024-12-13 00:00:00+00:00,92.15885176965931,0.01570075600473912,0.03140151200947824,89.09351575607266,0.01571969420225537,0.03143938840451074,98.22428484295655,0.015666912463711984,0.03133382492742397
2024-12-14 00:00:00+00:00,92.02194352405199,0.015714969049266055,0.03142993809853211,88.98399425780737,0.015734056494231766,0.03146811298846353,98.20550969517028,0.015678885191259533,0.031357770382519065
2024-12-15 00:00:00+00:00,92.01580110377812,0.015717606970283838,0.031435213940567676,88.8020773888076,0.01573833832425033,0.03147667664850066,98.05026624703609,0.01568216870885461,0.03136433741770922
2024-12-16 00:00:00+00:00,91.93132990841305,0.015719235950345935,0.03143847190069187,88.71147218118071,0.015739934212557236,0.03147986842511447,98.03814608863331,0.01568311115703473,0.03136622231406946
2024-12-17 00:00:00+00:00,,,,,,,,,
2024-12-18 00:00:00+00:00,92.43660733888169,0.0157125502577935,0.031425100515587,88.93623913270845,0.0157346258921507,0.0314692517843014,88.9721561857315,0.015734132814241616,0.03146826562848323
2024-12-19 00:00:00+00:00,92.2758949931012,0.01570843171682526,0.03141686343365052,88.82495179241963,0.0157299857279756,0.0314599714559512,88.85540842601381,0.015729880921575963,0.031459761843151926
2024-12-20 00:00:00+00:00,92.04819830459462,0.01573476983224458,0.03146953966448916,88.84490064237299,0.015756160304069157,0.031512320608138314,88.77630495504164,0.015756617915830093,0.031513235831660186
2024-12-21 00:00:00+00:00,91.95549004552858,0.015714120280798376,0.03142824056159675,88.71514971039907,0.015734433562310746,0.03146886712462149,88.63292029203245,0.0157349899040554,0.0314699798081108
2024-12-22 00:00:00+00:00,92.13529284966091,0.027630099642247517,0.055260199284495035,88.48937935686703,0.04972791754818579,0.09945583509637158,88.41052345323004,0.049483437777786625,0.09896687555557325
2024-12-23 00:00:00+00:00,91.71875557061588,0.015742144210209443,0.031484288420418886,88.44388353756783,0.015764383432806107,0.031528766865612214,88.4528454878612,0.015764247253243515,0.03152849450648703
2024-12-24 00:00:00+00:00,91.98871827832058,0.015716610389512997,0.031433220779025994,88.51877125984711,0.015738993289325612,0.031477986578651224,98.39497260518414,0.015679049598715376,0.03135809919743075
2024-12-25 00:00:00+00:00,92.12412991260139,0.01571348508600313,0.03142697017200626,88.55853820724593,0.01573604218062305,0.0314720843612461,98.36747374775743,0.015677010862501145,0.03135402172500229
2024-12-26 00:00:00+00:00,91.76850971517752,0.015722539381010037,0.03144507876202007,88.44602602752195,0.015744171202699178,0.031488342405398356,98.15209546389214,0.015684309160836962,0.031368618321673924
2024-12-27 00:00:00+00:00,91.6621586389986,0.01574199591117202,0.03148399182234404,88.31516764063824,0.015765179086176636,0.03153035817235327,98.44008000174908,0.015699794822931767,0.031399589645863535
2024-12-28 00:00:00+00:00,92.97307157888667,0.015724972596868628,0.031449945193737255,88.33488841747437,0.01575937471511223,0.03151874943022446,98.45970046298264,0.01569460146791782,0.03138920293583564
2024-12-29 00:00:00+00:00,91.61461866432596,0.015732011908655797,0.031464023817311594,88.27744026784329,0.01575454169477073,0.03150908338954146,98.44387065318462,0.01569004467339211,0.03138008934678422
2024-12-30 00:00:00+00:00,91.65345329996485,0.01572625381748726,0.03145250763497452,88.29076621959253,0.01574880228752812,0.03149760457505624,98.37253969753066,0.015685520711891884,0.03137104142378377
2024-12-31 00:00:00+00:00,92.71137937730903,0.015720195358631475,0.03144039071726295,89.46505834563413,0.01574126333283906,0.03148252666567812,94.621214844913,0.015707980626220794,0.03141596125244159
2025-01-01 00:00:00+00:00,92.27968238699827,0.015724822200454854,0.03144964440090971,88.92882789575854,0.015745991832127045,0.03149198366425409,89.7787602803555,0.015738435909300713,0.031476871818601426
2025-01-02 00:00:00+00:00,91.99565432674814,0.015733508375391805,0.03146701675078361,88.84042586280383,0.0157544809170251,0.0315089618340502,89.00868154070594,0.015753095472954757,0.031506190945909514
2025-01-03 00:00:00+00:00,91.86272064832346,0.015760227612302762,0.031520455224605524,88.707725558878,0.015782666770541756,0.03156533354108351,88.87755096579346,0.015781179055821822,0.031562358111643644
2025-01-04 00:00:00+00:00,91.65530397940555,0.01581326372548609,0.03162652745097218,88.49568365520932,0.01583790689847543,0.03167581379695086,88.65634883792106,0.015836380849828923,0.031672761699657846
2025-01-05 00:00:00+00:00,91.76583253028579,0.015763015422975223,0.031526030845950445,88.56077828315034,0.01578599141946182,0.03157198283892364,88.74482310885575,0.0157843542242777,0.0315687084485554
2025-01-06 00:00:00+00:00,92.33231272171564,0.015768973397859643,0.031537946795719286,89.12369214780293,0.015792219633926945,0.03158443926785389,91.66816353100866,0.015780268153323857,0.031560536306647714
2025-01-07 00:00:00+00:00,92.38230751539496,0.015735299086784817,0.03147059817356963,89.34525771677121,0.015755596657051785,0.03151119331410357,98.39693494299574,0.01569823871192597,0.03139647742385194
2025-01-08 00:00:00+00:00,,,,,,,,,
2025-01-09 00:00:00+00:00,90.63389224883957,0.015743095357213285,0.03148619071442657,87.30129160330638,0.015768159431015016,0.03153631886203003,97.67456311118832,0.01569855898140755,0.0313971179628151
2025-01-10 00:00:00+00:00,95.86157503485927,0.015708794506977507,0.03141758901395501,90.92339712808749,0.01574029376616998,0.03148058753233996,97.73920711168218,0.01570027461118149,0.03140054922236298
2025-01-11 00:00:00+00:00,96.70003344475593,0.015704318620573747,0.031408637241147494,92.72335281645384,0.01572796076337267,0.03145592152674534,97.98619150481285,0.01569854895682431,0.03139709791364862
2025-01-12 00:00:00+00:00,93.05257822952412,0.015728411061565403,0.031456822123130807,90.43962412796266,0.015745442504327193,0.031490885008654386,97.95191056359562,0.01570040394258585,0.0314008078851717
2025-01-13 00:00:00+00:00,91.94210926256731,0.01573025770613817,0.03146051541227634,89.35373600264366,0.01574673002644935,0.0314934600528987,97.89123732538569,0.015692991875356572,0.031385983750713144
2025-01-14 00:00:00+00:00,91.88451627926015,0.015735923744439204,0.03147184748887841,89.32222473668712,0.015752475828773083,0.03150495165754617,97.90717873182109,0.015697851627319213,0.031395703254638425
2025-01-15 00:00:00+00:00,91.84050271054272,0.01575989977690816,0.03151979955381632,89.25225932926294,0.015777266891134758,0.031554533782269516,97.94651641861066,0.015718859864931968,0.031437719729863936
2025-01-16 00:00:00+00:00,87.9781076515047,0.015775673159806283,0.031551346319612567,83.1757342891687,0.015814745111201046,0.03162949022240209,85.65451554094327,0.01579318675965874,0.03158637351931748
2025-01-17 00:00:00+00:00,86.11204699532172,0.015800142822534606,0.03160028564506921,81.25954990762916,0.01584534859260853,0.03169069718521706,84.16168136695232,0.01581420743958453,0.03162841487916906
2025-01-18 00:00:00+00:00,85.78625847889576,0.015799637427187596,0.03159927485437519,81.02903863271321,0.015844438598117228,0.031688877196234456,83.82353823054775,0.01581419902704967,0.03162839805409934
2025-01-19 00:00:00+00:00,86.1326081030317,0.015798997573143413,0.03159799514628683,87.60842450333072,0.01577964259712433,0.03155928519424866,86.79566406405023,0.01578728768743482,0.03157457537486964
2025-01-20 00:00:00+00:00,85.81005698842317,0.015793390332757572,0.031586780665515145,86.85967441699012,0.015777186260860096,0.03155437252172019,88.67994324910374,0.015762540798942477,0.03152508159788495
2025-01-21 00:00:00+00:00,89.5186436206999,0.015775496478060397,0.031550992956120794,90.81367514670904,0.015753769651493967,0.031507539302987934,91.72916793895487,0.015746109098306958,0.031492218196613915
2025-01-22 00:00:00+00:00,101.80058329196703,0.015693004167560153,0.031386008335120306,98.16845819011056,0.015711485607924073,0.031422971215848146,98.31643455048625,0.01571051500310425,0.0314210300062085
2025-01-23 00:00:00+00:00,101.47209560230982,0.015704505516388426,0.03140901103277685,97.87838080464026,0.015723491445617098,0.031446982891234196,97.93930242743821,0.015722930221530523,0.031445860443061045
2025-01-24 00:00:00+00:00,101.87084142524186,0.015785724029227205,0.03157144805845441,98.41145107326713,0.015807371119242443,0.031614742238484886,98.45469445319658,0.01580696084854523,0.03161392169709046
2025-01-25 00:00:00+00:00,101.76417362173143,0.015776471889967125,0.03155294377993425,98.18607023420739,0.015798547202619886,0.03159709440523977,98.25988323190937,0.015798026520477185,0.03159605304095437
2025-01-26 00:00:00+00:00,101.80560548620424,0.015683904892915296,0.03136780978583059,98.33957561275433,0.015700617873164117,0.031401235746328235,98.31136720614968,0.015700978159773633,0.031401956319547265
2025-01-27 00:00:00+00:00,101.83371881295888,0.01568022584259115,0.0313604516851823,98.27576239864383,0.015697418388468016,0.03139483677693603,98.30601375635487,0.015697464960729227,0.03139492992145845
2025-01-28 00:00:00+00:00,101.89961010757835,0.01568568755616884,0.03137137511233768,98.4429221833576,0.015702448436254665,0.03140489687250933,98.50496042401512,0.015702301062964448,0.031404602125928896
2025-01-29 00:00:00+00:00,101.89946046374308,0.015678659675635007,0.031357319351270015,98.63945884164819,0.015694082169835026,0.03138816433967005,98.55638885468092,0.01569459285209823,0.03138918570419646
2025-01-30 00:00:00+00:00,101.9243932471115,0.01568222077075094,0.03136444154150188,98.61350031231511,0.015698337889025603,0.031396675778051206,98.52246276153677,0.0156988617882913,0.0313977235765826
2025-01-31 00:00:00+00:00,101.94183359020629,0.015680830450363847,0.03136166090072769,98.49093847759531,0.01569762078580154,0.03139524157160308,98.48199785602507,0.01569766575945648,0.03139533151891296
2025-02-01 00:00:00+00:00,101.88270882213553,0.01568491714529521,0.03136983429059042,98.35836120268311,0.0157021800172432,0.0314043600344864,98.40077405492137,0.015701875756702753,0.031403751513405506
2025-02-02 00:00:00+00:00,101.95571185912647,0.015693956564588288,0.031387913129176576,98.47110916039917,0.015711366181937716,0.03142273236387543,98.51998718982873,0.015711201484814412,0.031422402969628824
2025-02-03 00:00:00+00:00,101.95585114572849,0.015719280223983147,0.03143856044796629,98.46512336796326,0.015738030604220583,0.03147606120844117,98.59301646576506,0.01573723052257891,0.03147446104515782
2025-02-04 00:00:00+00:00,89.09962045031104,0.07691454186456277,0.15382908372912554,83.74558369419739,0.17061654276725335,0.3412330855345067,84.12448697010304,0.17060432537817757,0.34120865075635515
2025-02-05 00:00:00+00:00,89.10686068103556,0.015776112105899357,0.031552224211798714,83.99756308660487,0.015818351974376643,0.031636703948753286,84.32074919319561,0.015814540683811284,0.03162908136762257
2025-02-06 00:00:00+00:00,88.8855172134117,0.015778361809683224,0.03155672361936645,83.97348810110229,0.015819357035316717,0.031638714070633435,84.28020107910571,0.015815747872144226,0.03163149574428845
2025-02-07 00:00:00+00:00,88.6565315512684,0.015818607732958248,0.031637215465916496,83.50156486040574,0.015865026864136756,0.03173005372827351,83.80856783414427,0.015861473384564524,0.03172294676912905
2025-02-08 00:00:00+00:00,88.84137492691752,0.015797800505016144,0.03159560101003229,83.67554920361995,0.015842859153047208,0.031685718306094415,84.06987405405337,0.015838347366015446,0.03167669473203089
2025-02-09 00:00:00+00:00,88.7834881550312,0.015806080945593017,0.031612161891186034,83.7290376978333,0.015851053849632462,0.031702107699264924,84.1019560808272,0.01584674475998046,0.03169348951996092
2025-02-10 00:00:00+00:00,88.4997912600217,0.015811977086157364,0.03162395417231473,83.53606285486545,0.01585618091718243,0.03171236183436486,83.87878337425586,0.01585223881325897,0.03170447762651794
2025-02-11 00:00:00+00:00,101.94889741604436,0.015737419907665532,0.031474839815331064,98.48282241102585,0.015757207767519932,0.031514415535039864,98.56723914340702,0.015756396109966483,0.031512792219932965
2025-02-12 00:00:00+00:00,101.88071965975628,0.01571399152088912,0.03142798304177824,98.48983170023244,0.015732044784810335,0.03146408956962067,98.54328289089148,0.015731588203154217,0.031463176406308434
2025-02-13 00:00:00+00:00,104.20122235166916,0.09584515694877542,0.19169031389755084,97.36523960661599,0.27672882916229186,0.5534576583245837,97.50755127403234,0.27585591774542473,0.5517118354908495
2025-02-14 00:00:00+00:00,101.8759110893837,0.01573160064748776,0.03146320129497552,98.37382857104465,0.015751013256425906,0.03150202651285181,98.51325374119588,0.01575019154612376,0.03150038309224752
2025-02-15 00:00:00+00:00,101.8905855690368,0.01571390455860648,0.03142780911721296,98.46333613700581,0.015731984466438118,0.031463968932876236,98.60208275863899,0.0157312255137579,0.0314624510275158
2025-02-16 00:00:00+00:00,101.898039771708,0.015720698260941062,0.031441396521882124,98.42163657688863,0.015739624153952362,0.031479248307904724,98.49628173873175,0.01573901203753935,0.0314780240750787
2025-02-17 00:00:00+00:00,101.9299038515227,0.015703580909690273,0.031407161819380545,98.57332939465799,0.015721253453258352,0.031442506906516704,98.59593772483107,0.015720973589237,0.031441947178474
2025-02-18 00:00:00+00:00,85.98781232041688,0.015873046745598657,0.031746093491197315,98.47654691755342,0.01576917481586027,0.03153834963172054,81.62025710905623,0.015918447842550112,0.031836895685100224
2025-02-19 00:00:00+00:00,87.08869875124638,0.016118454651288736,0.03223690930257747,100.00951515392346,0.015977105278477156,0.03195421055695431,82.56666308578346,0.016182418212793977,0.032364836425587955
2025-02-20 00:00:00+00:00,86.10520287301661,0.016046158287341548,0.032092316574683095,98.43080068501705,0.01590898310643562,0.03181796621287124,81.52160009084126,0.016108428599297862,0.032216857198595725
2025-02-21 00:00:00+00:00,86.13011639352749,0.01583345785741208,0.03166691571482416,98.37616986208727,0.0157373842183628,0.0314747684367256,81.68012994624792,0.015876354491761276,0.03175270898352255
2025-02-22 00:00:00+00:00,86.28630257547283,0.015823968195618394,0.03164793639123679,98.46768887054898,0.015730062314493996,0.03146012462898799,81.8945624507932,0.015865796424513405,0.03173159284902681
2025-02-23 00:00:00+00:00,86.27308990155325,0.015821072076591277,0.031642144153182554,98.55568726714574,0.015726860953426635,0.03145372190685327,81.95806584870016,0.015861437610215287,0.031722875220430574
2025-02-24 00:00:00+00:00,86.19988705117879,0.015821686457301018,0.031643372914602036,98.51470379228523,0.015727620623006578,0.031455241246013156,81.95606634973652,0.015862019654346058,0.031724039308692116
2025-02-25 00:00:00+00:00,86.66241907250327,0.015842421581540547,0.031684843163081094,79.73311119847902,0.01591253180037769,0.03182506360075538,80.95441929543995,0.01589649077698206,0.03179298155396412
2025-02-26 00:00:00+00:00,86.67882040121295,0.20039950173066376,0.4007990034613275,78.67048113043369,0.01587891824256638,0.03175783648513276,79.98504354566317,0.015861786444361127,0.031723572888722254
2025-02-27 00:00:00+00:00,85.97100899355863,0.01582272661459499,0.03164545322918998,78.73373724660021,0.015895333293183943,0.03179066658636789,80.17950514832685,0.015876315881874218,0.031752631763748436
2025-02-28 00:00:00+00:00,85.9313406581555,0.015817147780391044,0.03163429556078209,78.63417373694979,0.015889562043697562,0.031779124087395125,80.09133616413537,0.015870577978900933,0.031741155957801866
2025-03-01 00:00:00+00:00,85.58322471761593,0.01580935813630483,0.03161871627260966,78.55159472373875,0.015878246805593146,0.03175649361118629,79.97243073324232,0.01585903602144236,0.03171807204288472
2025-03-02 00:00:00+00:00,85.0415284743071,0.015810290883853915,0.03162058176770783,78.03198579255125,0.015880524648016293,0.03176104929603259,80.13058466490918,0.01585030145586239,0.03170060291172478
2025-03-03 00:00:00+00:00,83.80232177461775,0.01581977599133267,0.03163955198266534,78.16005429383536,0.015874747685072986,0.03174949537014597,82.65868150269725,0.0158129447033227,0.0316258894066454
2025-03-04 00:00:00+00:00,84.83320203761026,0.01581648341321279,0.03163296682642558,80.19788755863725,0.015864500265353795,0.03172900053070759,82.01598329741708,0.01584292058800538,0.03168584117601076
2025-03-05 00:00:00+00:00,83.2761606501859,0.015815472533783848,0.031630945067567695,77.8241443890525,0.015874324802325437,0.031748649604650875,79.62715014668967,0.01585483707057674,0.03170967414115348
2025-03-06 00:00:00+00:00,82.81733841431144,0.015845850126054106,0.03169170025210821,77.7704400558114,0.01590249398996468,0.03180498797992936,79.59868468592052,0.015878292234955113,0.031756584469910226
2025-03-07 00:00:00+00:00,82.84672203901792,0.01581899190744846,0.03163798381489692,77.9460473473308,0.015869746848396406,0.03173949369679281,79.72335367990331,0.015847493446943993,0.031694986893887986
2025-03-08 00:00:00+00:00,82.58776460911108,0.015817068639525318,0.031634137279050636,77.8561936474542,0.015864830455221596,0.03172966091044319,79.6183886647032,0.015843346534680006,0.03168669306936001
2025-03-09 00:00:00+00:00,82.66230788106344,0.015841498589636384,0.03168299717927277,77.78792477770598,0.015894019568751517,0.031788039137503034,79.4771770023573,0.015872202841913846,0.03174440568382769
2025-03-10 00:00:00+00:00,82.70715303754343,0.01582850793403835,0.0316570158680767,77.88534892908937,0.015879356794995275,0.03175871358999055,79.55619578674236,0.015857901173237536,0.03171580234647507
2025-03-11 00:00:00+00:00,91.27621627770559,0.015768489094278082,0.031536978188556164,88.8557587779855,0.015793230901684923,0.031586461803369846,87.8355635079307,0.01579255084430117,0.03158510168860234
2025-03-12 00:00:00+00:00,92.05836175205025,0.015748728699855667,0.03149745739971133,88.70766485401396,0.015771182120763668,0.031542364241527336,88.57462724478577,0.015772701832764673,0.03154540366552935
2025-03-13 00:00:00+00:00,91.93903936990245,0.015754861532319926,0.03150972306463985,88.66674505647441,0.015777082784676974,0.03155416556935395,88.54911325600577,0.01577855902569494,0.03155711805138988
2025-03-14 00:00:00+00:00,91.92448478542389,0.015745516626441622,0.031491033252883244,88.71065674049109,0.01576694566128891,0.03153389132257782,88.63001040008146,0.015767834177185292,0.031535668354370584
2025-03-15 00:00:00+00:00,91.87607976592427,0.015739074167527452,0.031478148335054905,88.60437856776038,0.01576055679216003,0.03152111358432006,88.57370141558582,0.015761094380428768,0.031522188760857536
2025-03-16 00:00:00+00:00,91.82271778900173,0.015741219279762533,0.03148243855952507,88.61530988891339,0.015762371834641815,0.03152474366928363,88.54652734756273,0.01576307538788529,0.03152615077577058
2025-03-17 00:00:00+00:00,91.88445976188842,0.015741784361305373,0.031483568722610746,88.63308775383955,0.015763486978625025,0.03152697395725005,88.49604759915646,0.015764915288974363,0.031529830577948725
2025-03-18 00:00:00+00:00,91.90416384941972,0.015741853774517766,0.03148370754903553,88.77409800924717,0.015763011867475866,0.03152602373495173,88.56582290187232,0.01576494517193574,0.03152989034387148
2025-03-19 00:00:00+00:00,91.887370930058,0.015748628584457598,0.031497257168915195,88.54161681409421,0.015772137217345012,0.031544274434690024,88.93979842810245,0.015766881921981134,0.03153376384396227
2025-03-20 00:00:00+00:00,91.8714228975106,0.015743439442308455,0.03148687888461691,88.52883824749074,0.01576620650352626,0.03153241300705252,88.38454190347139,0.01576759249573637,0.03153518499147274
2025-03-21 00:00:00+00:00,91.80028815095913,0.015748386017871513,0.031496772035743026,88.41268777457748,0.015771169229229443,0.031542338458458885,88.30476829476518,0.015772405017168117,0.031544810034336235
2025-03-22 00:00:00+00:00,91.71872814521565,0.01574882097654867,0.03149764195309734,88.31009335547074,0.01577192675906952,0.03154385351813904,88.23272869073699,0.015772877523706142,0.031545755047412284
2025-03-23 00:00:00+00:00,91.63352781838377,0.015751479078033398,0.031502958156066796,88.34656797577357,0.015774109768948292,0.031548219537896584,88.25767773397455,0.015774798116691902,0.031549596233383805
2025-03-24 00:00:00+00:00,91.61587936454569,0.015751921320970683,0.031503842641941365,88.32873015276621,0.01577451276711043,0.03154902553422086,88.19428052225413,0.01577569279389446,0.03155138558778892
2025-03-25 00:00:00+00:00,91.63461427334123,0.015749493027433743,0.031498986054867485,88.33273223206794,0.015771810146571367,0.031543620293142734,88.16284065889131,0.015773364329016454,0.03154672865803291
2025-03-26 00:00:00+00:00,91.45906813328239,0.015768071346752885,0.03153614269350577,88.24770767574071,0.01579086700432323,0.03158173400864646,88.17576414620405,0.015791625266330014,0.03158325053266003
2025-03-27 00:00:00+00:00,91.47307214736475,0.015778323150207434,0.03155664630041487,88.07975017298737,0.015803227439674068,0.031606454879348135,88.06383405183172,0.015803734234320112,0.031607468468640224
2025-03-28 00:00:00+00:00,91.2822353465797,0.015767649144962516,0.03153529828992503,88.05290550469155,0.015790834198808362,0.031581668397616725,87.95374886898341,0.015791812540879777,0.031583625081759555
2025-03-29 00:00:00+00:00,91.33272774690414,0.015764413382145518,0.031528826764291036,88.0209394186207,0.015787642950414422,0.031575285900828844,88.33784468022577,0.015783633712069752,0.031567267424139504
2025-03-30 00:00:00+00:00,92.39694939128923,0.015744372090134243,0.03148874418026849,88.05605794751577,0.015776157323918856,0.03155231464783771,90.0481679904312,0.015756538368561966,0.03151307673712393
2025-03-31 00:00:00+00:00,91.6309818685117,0.015745274701277057,0.031490549402554115,88.17984609614713,0.015768903886503854,0.03153780777300771,88.65710259270328,0.015763614170890054,0.03152722834178011
2025-04-01 00:00:00+00:00,91.61073697190893,0.01575363877631083,0.03150727755262166,88.11252009211461,0.01577752128159925,0.0315550425631985,88.76451909960839,0.015770949723815805,0.03154189944763161
2025-04-02 00:00:00+00:00,91.20512644572875,0.015809253263854822,0.031618506527709644,87.79170503425276,0.015835888601427674,0.03167177720285535,87.77033098173861,0.015836449538631725,0.03167289907726345
2025-04-03 00:00:00+00:00,91.14056558735493,0.01579104123228515,0.0315820824645703,87.82217385197329,0.01581589769661093,0.03163179539322186,87.74154413500062,0.01581674942976529,0.03163349885953058
2025-04-04 00:00:00+00:00,91.13989836596713,0.015763860713502376,0.03152772142700475,87.86695663937319,0.015787181925335646,0.03157436385067129,87.811744333592,0.015787700163550866,0.03157540032710173
2025-04-05 00:00:00+00:00,91.3621583497023,0.015762843828153364,0.03152568765630673,87.91379278504185,0.015786954089335847,0.03157390817867169,87.91156508791556,0.015787298544898815,0.03157459708979763
2025-04-06 00:00:00+00:00,91.18183447402808,0.015780723575554264,0.03156144715110853,87.86189124323366,0.01580476596728494,0.03160953193456988,87.87551659034986,0.01580515038430222,0.03161030076860444
2025-04-07 00:00:00+00:00,91.19951537305467,0.015777015480939637,0.031554030961879274,87.74476136207258,0.015802178394049505,0.03160435678809901,87.78526679668812,0.01580203094409047,0.03160406188818094
2025-04-08 00:00:00+00:00,92.5447882197771,0.0157597087714848,0.0315194175429696,89.15868562444983,0.01578308883247759,0.03156617766495518,88.90632716089559,0.015784662775853744,0.03156932555170749
2025-04-09 00:00:00+00:00,90.90355668166691,0.015762320579045856,0.03152464115809171,87.48573387915398,0.015786244831731827,0.031572489663463654,87.02005038436943,0.015790384899273414,0.03158076979854683
2025-04-10 00:00:00+00:00,90.72143965655968,0.01581368882674852,0.03162737765349704,87.24222110545307,0.015840829977839567,0.031681659955679134,86.89049737247875,0.01584453728576363,0.03168907457152726
2025-04-11 00:00:00+00:00,90.67802344885095,0.01579233044885618,0.03158466089771236,87.2571909866403,0.015817861547244096,0.03163572309448819,86.9654187730378,0.015820850229259154,0.03164170045851831
2025-04-12 00:00:00+00:00,90.47845369939535,0.01579616367972928,0.03159232735945856,87.16275886742238,0.01582100412658021,0.03164200825316042,87.74052235237623,0.015814041050022383,0.031628082100044766
2025-04-13 00:00:00+00:00,90.40957705815119,0.015781254148559038,0.031562508297118076,87.20643556711724,0.015804533697863804,0.03160906739572761,86.88730017860466,0.015807353755363605,0.03161470751072721
2025-04-14 00:00:00+00:00,90.29751543098274,0.015785495504904958,0.031570991009809916,87.10442570244192,0.01580894929764697,0.03161789859529394,90.63297211714682,0.015776089595379034,0.03155217919075807
2025-04-15 00:00:00+00:00,91.8119734502661,0.015779751632172736,0.03155950326434547,88.72600348565975,0.0158022104337399,0.0316044208674798,88.92903686545417,0.015799755283789574,0.03159951056757915
2025-04-16 00:00:00+00:00,92.51753949163488,0.01577291064212962,0.03154582128425924,89.49121516467771,0.01579359615212277,0.03158719230424554,89.44333792908262,0.01579434133366191,0.03158868266732382
2025-04-17 00:00:00+00:00,92.43336592458974,0.015767061671504948,0.031534123343009896,89.48585085996025,0.01578691085053068,0.03157382170106136,89.35217513165716,0.01578822916068615,0.0315764583213723
2025-04-18 00:00:00+00:00,92.39262738934578,0.015794866755920855,0.03158973351184171,89.59894345315337,0.015814626004678554,0.03162925200935711,89.33839988094488,0.0158171025483957,0.0316342050967914
2025-04-19 00:00:00+00:00,92.08524376069994,0.01589452783856251,0.03178905567712502,89.34128389982136,0.015919217470694292,0.031838434941388584,89.14838554456513,0.01592085462749879,0.03184170925499758
2025-04-20 00:00:00+00:00,92.64822963100015,0.016742388943700972,0.033484777887401944,89.95411113847976,0.0167967610880505,0.033593522176101,89.8332582142785,0.016799603694302737,0.03359920738860547
2025-04-21 00:00:00+00:00,90.84738110951935,0.016678131628410788,0.033356263256821575,88.04353799148187,0.016736077730289355,0.03347215546057871,88.06542608844966,0.016735651443167257,0.033471302886334514
2025-04-22 00:00:00+00:00,91.72820731507433,0.016813237146637783,0.03362647429327557,88.76672408289771,0.01688237729684097,0.03376475459368194,88.79991469777408,0.016880104017272118,0.033760208034544235
2025-04-23 00:00:00+00:00,91.95253451479445,0.01583636837114287,0.03167273674228574,89.18641954215622,0.01585787144276163,0.03171574288552326,89.05917358815374,0.01585920413741211,0.03171840827482422
2025-04-24 00:00:00+00:00,92.13811387273027,0.01580151932057385,0.0316030386411477,89.11765240837389,0.01582360849375505,0.0316472169875101,88.93330644633673,0.015825349846006424,0.03165069969201285
2025-04-25 00:00:00+00:00,92.03421086459461,0.015794527999269347,0.031589055998538694,89.20675690865244,0.01581498032404819,0.03162996064809638,89.05758399226983,0.015816439711280043,0.03163287942256009
2025-04-26 00:00:00+00:00,92.06412204426148,0.015792273245961018,0.031584546491922036,89.16566570488509,0.015813253962639932,0.031626507925279865,89.47568981249408,0.01580890855775396,0.03161781711550792
2025-04-27 00:00:00+00:00,91.98424202605676,0.015794394281873618,0.031588788563747236,89.07040122890803,0.015815658397655256,0.03163131679531051,88.92879198733992,0.01581725204356491,0.03163450408712982
2025-04-28 00:00:00+00:00,91.98461474554958,0.01579176178459588,0.03158352356919176,89.06945884678538,0.01581298175454462,0.03162596350908924,88.88721305251616,0.01581482213310007,0.03162964426620014
2025-04-29 00:00:00+00:00,92.00955530791113,0.015798904160947706,0.03159780832189541,89.12932904285691,0.015820017151514685,0.03164003430302937,88.88442684559165,0.015822244345977142,0.031644488691954284
2025-04-30 00:00:00+00:00,92.04509934351242,0.015809519620371925,0.03161903924074385,89.01204479445053,0.01583211409005266,0.03166422818010532,88.82052224182742,0.015834016820111495,0.03166803364022299
2025-05-01 00:00:00+00:00,91.82738515568649,0.01581194612484842,0.03162389224969684,89.0555111691038,0.015832826525637167,0.031665653051274334,88.87772309033681,0.015834583134088465,0.03166916626817693
2025-05-02 00:00:00+00:00,91.97796484977997,0.015830215715909472,0.031660431431818944,89.03435322000172,0.01585279532608904,0.03170559065217808,88.93087744014689,0.01585420388594707,0.03170840777189414
2025-05-03 00:00:00+00:00,91.93757782196309,0.015809852638498385,0.03161970527699677,89.04839279833415,0.01583162688397285,0.0316632537679457,88.85307356727657,0.01583346434422186,0.03166692868844372
2025-05-04 00:00:00+00:00,92.08816897999557,0.01581014961427527,0.03162029922855054,89.14652840208727,0.01583210764421888,0.03166421528843776,89.00391217223451,0.015833499514089775,0.03166699902817955
2025-05-05 00:00:00+00:00,91.74563165851913,0.01582233416590116,0.03164466833180232,88.92197763944513,0.01584364508554564,0.03168729017109128,88.71206811536207,0.015845544567394617,0.031691089134789234
2025-05-06 00:00:00+00:00,91.83075213589166,0.01582262884170528,0.03164525768341056,88.77731446890085,0.01584612919442507,0.03169225838885014,88.66653878750787,0.015847386632762195,0.03169477326552439
2025-05-07 00:00:00+00:00,91.07275943746559,0.016113725155824196,0.03222745031164839,88.35447392104233,0.016144674446351762,0.032289348892703525,88.27776758983588,0.016146411490464033,0.03229282298092807
2025-05-08 00:00:00+00:00,91.470722446083,0.01581629024500601,0.03163258049001202,88.69708453011569,0.01583736094218157,0.03167472188436314,88.60422662767867,0.01583829415356835,0.0316765883071367
2025-05-09 00:00:00+00:00,91.17232017327379,0.015829304975700086,0.03165860995140017,88.44040035556385,0.015850222972457736,0.03170044594491547,88.32692805452407,0.015851616854336004,0.03170323370867201
2025-05-10 00:00:00+00:00,90.9739511983981,0.015822388966872925,0.03164477793374585,88.32909071621327,0.01584279133809393,0.03168558267618786,88.1890577996685,0.015844068362438405,0.03168813672487681
2025-05-11 00:00:00+00:00,91.00411222982083,0.01585096232298639,0.03170192464597278,88.30056662255218,0.01587260962059568,0.03174521924119136,88.17957232987375,0.015873890117918503,0.031747780235837006
2025-05-12 00:00:00+00:00,91.08091148547615,0.015836659685887725,0.03167331937177545,88.20880480004996,0.01585895755184297,0.03171791510368594,88.07567597479921,0.01586017524604338,0.03172035049208676
2025-05-13 00:00:00+00:00,91.10225493392934,0.4430822058208135,0.886164411641627,81.49374150699293,0.016721321357428993,0.03344264271485799,91.55477132085464,0.016533864189523798,0.033067728379047596
2025-05-14 00:00:00+00:00,79.79136218259883,0.017200481434600165,0.03440096286920033,78.12706830031549,0.01726631225205854,0.03453262450411708,98.70275373625873,0.01672083320880284,0.03344166641760568
2025-05-15 00:00:00+00:00,78.92193439075325,0.019808319993144523,0.039616639986289046,77.04117327965018,0.019984814730989356,0.03996962946197871,98.56757608341144,0.01870164240431291,0.03740328480862582
2025-05-16 00:00:00+00:00,80.76184343935014,0.016018968975872818,0.032037937951745636,79.5845542597117,0.01603350033434366,0.03206700066868732,98.75561631194833,0.015835406677489706,0.03167081335497941
2025-05-17 00:00:00+00:00,80.90461970452891,0.016045956772936187,0.032091913545872375,79.57932550083406,0.016063362403818112,0.032126724807636224,98.690095960509,0.01585525156552385,0.0317105031310477
2025-05-18 00:00:00+00:00,81.14583589773622,0.015992485561542223,0.031984971123084446,80.00384882280683,0.01600581469911919,0.03201162939823838,98.76705332323031,0.01581723038992892,0.03163446077985784
2025-05-19 00:00:00+00:00,81.09221384284467,0.015991096104363473,0.031982192208726945,80.09809719173269,0.016002449719163408,0.032004899438326816,98.7692811899834,0.01581572549942087,0.03163145099884174
2025-05-20 00:00:00+00:00,92.61369402903908,0.015868712575471282,0.031737425150942564,90.46248551469152,0.015884857158379527,0.031769714316759054,98.87022196977092,0.01581017573418053,0.03162035146836106
2025-05-21 00:00:00+00:00,92.62103635782871,0.015860287347002306,0.03172057469400461,90.4382639270894,0.015876561843782923,0.031753123687565846,98.80990618217737,0.01581037072200997,0.03162074144401994
2025-05-22 00:00:00+00:00,92.6044778314774,0.01586188492715206,0.03172376985430412,90.46460631377971,0.015877612043731944,0.03175522408746389,98.84525767909035,0.01581119863092589,0.03162239726185178
2025-05-23 00:00:00+00:00,92.50796065718394,0.01588249684213363,0.03176499368426726,90.33036667912083,0.015899410543567485,0.03179882108713497,98.90270648961571,0.015828940703204827,0.031657881406409655
2025-05-24 00:00:00+00:00,92.4033089195936,0.015885694044366013,0.031771388088732026,90.39702301249251,0.015900946545127505,0.03180189309025501,98.98551699900533,0.015830138047257428,0.031660276094514855
2025-05-25 00:00:00+00:00,91.79946631852732,0.01608379773232598,0.03216759546465196,89.88519837171509,0.01610528954521209,0.03221057909042418,99.05453303726517,0.016005422239322005,0.03201084447864401
2025-05-26 00:00:00+00:00,92.26805506465361,0.01589005725098502,0.03178011450197004,90.26584540214424,0.0159055111290437,0.0318110222580874,98.95261164958328,0.015832988418475656,0.03166597683695131
2025-05-27 00:00:00+00:00,92.24817777842306,0.015899882335384398,0.031799764670768796,90.1495931082931,0.01591682632143231,0.03183365264286462,98.94630053961161,0.015841750077885623,0.031683500155771246
2025-05-28 00:00:00+00:00,,,,,,,,,
2025-05-29 00:00:00+00:00,92.18944582171646,0.015881794172216253,0.031763588344432506,90.0196510868601,0.015899101648601616,0.03179820329720323,98.8208458842942,0.015825792603447762,0.031651585206895524
2025-05-30 00:00:00+00:00,92.1003055343829,0.01589255146050693,0.03178510292101386,90.00492108204513,0.015908846103087716,0.03181769220617543,98.9642069615893,0.015833403254883725,0.03166680650976745
2025-05-31 00:00:00+00:00,91.97950868379235,0.01589642032081769,0.03179284064163538,90.05478914521125,0.015911383362318832,0.031822766724637665,98.99312528350931,0.01583581230535114,0.03167162461070228
2025-06-01 00:00:00+00:00,91.99521038321046,0.015919306613795335,0.03183861322759067,90.1288491423842,0.015933741414720624,0.03186748282944125,99.0697509662902,0.0158545184962441,0.0317090369924882
2025-06-02 00:00:00+00:00,91.96481507120708,0.015909644266152916,0.03181928853230583,90.15504655956778,0.015923872206156733,0.031847744412313465,99.07204458727198,0.01584675003883255,0.0316935000776651
2025-06-03 00:00:00+00:00,91.2385741193406,0.01619599503818681,0.03239199007637362,89.36938347539063,0.016218755211011165,0.03243751042202233,99.07331594402321,0.016097684954021148,0.032195369908042296
2025-06-04 00:00:00+00:00,,,,,,,,,
2025-06-05 00:00:00+00:00,91.88011300403866,0.0159479850474071,0.0318959700948142,90.04276774534108,0.015963627803483038,0.031927255606966076,99.18309219190685,0.015880035562373118,0.031760071124746235
2025-06-06 00:00:00+00:00,91.41784359696862,0.016012497499012162,0.032024994998024324,89.6741537737029,0.016028391190752514,0.03205678238150503,98.8426799697389,0.015935379479870275,0.03187075895974055
2025-06-07 00:00:00+00:00,91.57135332309089,0.015926099533744943,0.031852199067489886,89.87052919015045,0.015939664903503063,0.031879329807006127,98.87207838456155,0.01585950359944966,0.03171900719889932
2025-06-08 00:00:00+00:00,91.44589745332733,0.01602226733045059,0.03204453466090118,89.56621419193185,0.016040083564942104,0.03208016712988421,98.65479833079051,0.015946391901012585,0.03189278380202517
2025-06-09 00:00:00+00:00,91.1662288345916,0.01615887015518695,0.0323177403103739,89.29092398877916,0.0161794397134965,0.032358879426993,98.60704582523185,0.016063994818864134,0.03212798963772827
2025-06-10 00:00:00+00:00,91.54518808032161,0.01591899406581837,0.03183798813163674,89.73149217672477,0.015933321767736815,0.03186664353547363,98.67056899606955,0.01585425576372116,0.03170851152744232
2025-06-11 00:00:00+00:00,91.44550244848546,0.015942551802095646,0.03188510360419129,89.75735943570675,0.015956094877110003,0.031912189754220006,98.87367928342752,0.015872518169464663,0.031745036338929326
2025-06-12 00:00:00+00:00,91.96624017167224,0.019338262609920248,0.038676525219840496,89.52259629565376,0.019431931477927634,0.03886386295585527,98.21676728146755,0.01913438818465263,0.03826877636930526
2025-06-13 00:00:00+00:00,90.46641039210965,0.020490138403945184,0.04098027680789037,88.31664771429243,0.02064582543388849,0.04129165086777698,98.9444470666445,0.020004169463583854,0.04000833892716771
2025-06-14 00:00:00+00:00,91.33185224121569,0.015961150317047364,0.03192230063409473,89.35625885314046,0.015978644132462253,0.031957288264924506,99.07788405968908,0.01588580956734169,0.03177161913468338
2025-06-15 00:00:00+00:00,91.30527306908654,0.0159564756663808,0.0319129513327616,89.22888779055867,0.015975279686234144,0.03195055937246829,98.91627647030984,0.015883130470544682,0.031766260941089364
2025-06-16 00:00:00+00:00,93.69711985080419,0.015933634635152988,0.031867269270305976,89.45867542464498,0.015978110204197777,0.031956220408395554,99.13494362986785,0.015886203592357654,0.03177240718471531
2025-06-17 00:00:00+00:00,91.22079804864698,0.015957585603817954,0.03191517120763591,89.20884994176252,0.01597511210216124,0.03195022420432248,99.0737365942897,0.01588155503805657,0.03176311007611314
2025-06-18 00:00:00+00:00,91.10331973602985,0.015944910784088166,0.03188982156817633,89.36688900201897,0.01595936139535077,0.03191872279070154,99.09280331937399,0.01586909757260039,0.03173819514520078
2025-06-19 00:00:00+00:00,91.16992776438784,0.01592529378952833,0.03185058757905666,89.3131332764324,0.015940020726640008,0.031880041453280016,99.03661467084862,0.01585264531650893,0.03170529063301786
2025-06-20 00:00:00+00:00,90.99831179628484,0.01593428037274451,0.03186856074548902,89.07687486484845,0.015949896742081006,0.03189979348416201,98.6924394000797,0.01586120383147615,0.0317224076629523
2025-06-21 00:00:00+00:00,90.53468118717147,0.01602603641030497,0.03205207282060994,88.67452006916386,0.01604422108974239,0.03208844217948478,98.68992922268578,0.015939472878241462,0.031878945756482924
2025-06-22 00:00:00+00:00,90.66100281214534,0.015943668379726807,0.03188733675945361,88.86376936432494,0.015958445969345852,0.031916891938691704,98.7020371011009,0.01586651914461767,0.03173303828923534
2025-06-23 00:00:00+00:00,90.73440334397479,0.015953180816996315,0.03190636163399263,89.05408184382878,0.01596640426888133,0.03193280853776266,98.84564905327791,0.015873992760207706,0.03174798552041541
2025-06-24 00:00:00+00:00,90.61152609628833,0.015959719646744575,0.03191943929348915,88.8827960919499,0.015973940112254413,0.031947880224508826,99.00429564184302,0.01587738857542497,0.03175477715084994
2025-06-25 00:00:00+00:00,88.64232567568959,0.022028914480012575,0.04405782896002515,86.23399242831003,0.02225710999407555,0.0445142199881511,98.1410182246005,0.02126630881199306,0.04253261762398612
2025-06-26 00:00:00+00:00,96.3651355807274,0.015910906560015963,0.031821813120031926,89.4944581410886,0.01597320026624343,0.03194640053248686,98.804173186087,0.01588934550379235,0.0317786910075847
2025-06-27 00:00:00+00:00,91.10773411003017,0.01600549814652653,0.03201099629305306,88.2080603182796,0.016041089407162326,0.03208217881432465,98.7252486662775,0.015930387594347346,0.03186077518869469
2025-06-28 00:00:00+00:00,90.22455782991939,0.015958993195516483,0.031917986391032965,88.73339015728419,0.015971790039553402,0.031943580079106804,98.85717407875904,0.015874380839118105,0.03174876167823621
2025-06-29 00:00:00+00:00,90.2758198124271,0.015966621335652152,0.031933242671304304,88.57706656906792,0.015981550628576084,0.03196310125715217,98.68339268884593,0.015882900815366568,0.031765801630733136
2025-06-30 00:00:00+00:00,90.1879272975179,0.015954952763256043,0.031909905526512086,88.4706989661748,0.015969742311936954,0.03193948462387391,98.5928324345434,0.01587225255149451,0.03174450510298902
2025-07-01 00:00:00+00:00,90.65982540009821,0.015959731851856698,0.031919463703713395,88.81533603984964,0.015976229726944496,0.03195245945388899,98.4699187972359,0.015883402916208343,0.031766805832416686
2025-07-02 00:00:00+00:00,89.48684885478306,0.01655110735685533,0.03310221471371066,87.96383524617549,0.016597152946418496,0.03319430589283699,98.72620951207162,0.01646533322525203,0.03293066645050406
2025-07-03 00:00:00+00:00,93.25395130645732,0.07943053901923007,0.15886107803846014,85.94724022673094,0.08990022757510534,0.17980045515021068,98.26699671296612,0.08852643067114419,0.17705286134228837
2025-07-04 00:00:00+00:00,90.59473210902247,0.015969065586448363,0.031938131172896726,88.40018200785657,0.015989429079273334,0.03197885815854667,99.29167716396772,0.01588306317096981,0.03176612634193962
2025-07-05 00:00:00+00:00,90.54127916580607,0.015990171051158342,0.031980342102316685,88.43994985279451,0.016008805051766627,0.03201761010353325,99.3108721808283,0.015900026857813124,0.03180005371562625
2025-07-06 00:00:00+00:00,90.58908715682001,0.015974361779015303,0.031948723558030606,88.37567214338036,0.015993396565702162,0.031986793131404324,99.22003497312775,0.0158870339553595,0.031774067910719
2025-07-07 00:00:00+00:00,90.45527571031738,0.01594475352764814,0.03188950705529628,88.38497590344846,0.01596189904401151,0.03192379808802302,99.17675818418682,0.015860880662705048,0.031721761325410096
2025-07-08 00:00:00+00:00,89.22913523929019,0.25162310006477906,0.5032462001295581,86.75464353817627,0.7868588990153026,1.5737177980306052,99.54381914015516,0.7866648862277228,1.5733297724554456
2025-07-09 00:00:00+00:00,90.40319907470709,0.01595062179400029,0.03190124358800058,88.28462842091578,0.015968522965225624,0.03193704593045125,99.10027984369172,0.015865950738699418,0.031731901477398836
2025-07-10 00:00:00+00:00,90.31015442064947,0.01595373977417092,0.03190747954834184,88.1300120956674,0.01597272045608003,0.03194544091216006,99.16740263400771,0.015867304335770497,0.031734608671540994
2025-07-11 00:00:00+00:00,90.45788336903557,0.015958915867367446,0.03191783173473489,88.0824988843601,0.015979470136957174,0.03195894027391435,99.04833973904886,0.015873245934311737,0.03174649186862347
2025-07-12 00:00:00+00:00,90.22685095591827,0.0160354310019716,0.0320708620039432,88.02001875255839,0.01605814481604489,0.03211628963208978,99.01847668676423,0.015941073568678684,0.03188214713735737
2025-07-13 00:00:00+00:00,90.32967411833569,0.01597670725357261,0.03195341450714522,88.00850128866274,0.015997094846149928,0.031994189692299856,98.99894837098347,0.01588764801052955,0.0317752960210591
2025-07-14 00:00:00+00:00,90.21269361540989,0.01596474860449909,0.03192949720899818,88.12386061410885,0.01598262467470224,0.03196524934940448,99.20248931143566,0.015875531799783158,0.031751063599566316
2025-07-15 00:00:00+00:00,90.26203471059192,0.01595078406511921,0.03190156813023842,88.35665159300633,0.015965715421327183,0.03193143084265437,99.16943241084815,0.015863904476981463,0.031727808953962926
2025-07-16 00:00:00+00:00,90.21347197915007,0.015933054764502685,0.03186610952900537,88.20101332089281,0.01594880084567627,0.03189760169135254,99.09707105418829,0.01584873480852434,0.03169746961704868
2025-07-17 00:00:00+00:00,90.27539767920513,0.015925934114775032,0.031851868229550065,88.31389599083283,0.015941127373212544,0.03188225474642509,99.10821805577405,0.015843449668707505,0.03168689933741501
2025-07-18 00:00:00+00:00,90.1233947980371,0.015933512114897096,0.03186702422979419,88.17624993006699,0.015948596738551202,0.031897193477102403,99.09568679284821,0.015848323233622275,0.03169664646724455
2025-07-19 00:00:00+00:00,90.03766771578364,0.01592463286431704,0.03184926572863408,88.08273376073909,0.015939990255557288,0.031879980511114576,99.00890549857367,0.01584059432622364,0.03168118865244728
2025-07-20 00:00:00+00:00,90.04751349607594,0.015926561508165103,0.031853123016330205,88.19528794951843,0.01594062454694598,0.03188124909389196,99.0781139617798,0.015842099879301564,0.03168419975860313
2025-07-21 00:00:00+00:00,90.02643931766617,0.01593126792040416,0.03186253584080832,88.0253473027533,0.015947015762788178,0.031894031525576357,99.16180082750438,0.015845292421783227,0.031690584843566454
2025-07-22 00:00:00+00:00,89.94975752398679,0.015920879433963038,0.031841758867926076,88.10458341676673,0.015934471963843354,0.03186894392768671,99.13018219785408,0.015835812154595123,0.031671624309190245
2025-07-23 00:00:00+00:00,89.95105500917238,0.015920562652693114,0.03184112530538623,87.92652392857283,0.01593591240293288,0.03187182480586576,99.04743099290798,0.015835807789872727,0.03167161557974545
2025-07-24 00:00:00+00:00,89.96131141666169,0.015909051832609863,0.03181810366521973,87.95256314860201,0.01592406867471134,0.03184813734942268,99.0262704787324,0.015826235415229244,0.03165247083045849
2025-07-25 00:00:00+00:00,89.96469206771494,0.015917659304127474,0.03183531860825495,87.86958078181729,0.0159339462514587,0.0318678925029174,99.0348165231942,0.015833834026614837,0.031667668053229674
2025-07-26 00:00:00+00:00,88.6361441946203,0.018725897658847076,0.03745179531769415,86.47457308505116,0.01884450554485726,0.03768901108971452,98.83834148064275,0.018283063205739945,0.03656612641147989
2025-07-27 00:00:00+00:00,90.60459417512996,0.01590436892257621,0.03180873784515242,88.70699337691515,0.015918158467768426,0.03183631693553685,99.00065318704152,0.015828572967561894,0.03165714593512379
2025-07-28 00:00:00+00:00,90.54080373203523,0.01591715046354088,0.03183430092708176,88.19744900006151,0.015936368445417813,0.031872736890835626,98.81987305603357,0.01584018000881745,0.0316803600176349
2025-07-29 00:00:00+00:00,93.08872492016302,1.5247938993982442,3.0495877987964883,85.80775718598532,1.0775840281492566,2.155168056298513,96.01600214965903,0.016125124518533335,0.03225024903706667
2025-07-30 00:00:00+00:00,90.3193002772708,0.015926542082305782,0.031853084164611564,88.33573320256457,0.015943683224555333,0.031887366449110666,99.1047636857399,0.01584539704273474,0.03169079408546948
2025-07-31 00:00:00+00:00,91.71178322937718,0.01655368322375366,0.03310736644750732,89.45849622692685,0.016590892341749524,0.03318178468349905,101.25629234051961,0.01638830824868279,0.03277661649736558
