Original_Timestamp_Col,SR_agg,n_minutes,U_rel_k2,CI95_lo,CI95_hi
2024-08-02 00:00:00+00:00,100.03820672370372,181,1.837521820144733,98.19998284667416,101.87643060073329
2024-08-03 00:00:00+00:00,99.84937277315555,183,1.8064472178949287,98.04564655660936,101.65309898970176
2024-08-04 00:00:00+00:00,100.34726856006532,182,1.8014724295622886,98.5395401831369,102.15499693699371
2024-08-05 00:00:00+00:00,100.09253220700151,182,1.8178309449019936,98.27301918300664,101.91204523099638
2024-08-06 00:00:00+00:00,100.11378877577062,183,1.8203902850586657,98.29132709089232,101.9362504606489
2024-08-07 00:00:00+00:00,100.06113585490215,182,1.8020146949517843,98.25801948286114,101.86425222694315
2024-08-08 00:00:00+00:00,100.52254792191846,182,1.7948791634547743,98.7182896546941,102.32680618914281
2024-08-09 00:00:00+00:00,100.35713061543575,182,1.8021801769975274,98.54851430128085,102.16574692959065
2024-08-10 00:00:00+00:00,100.2685857343896,182,1.8152848761732847,98.44842526200038,102.08874620677882
2024-08-11 00:00:00+00:00,100.11104054874119,182,1.8147821226774017,98.2942432820363,101.92783781544607
2024-08-12 00:00:00+00:00,100.2857322187868,182,1.8074155643676513,98.47315228582438,102.09831215174923
2024-08-13 00:00:00+00:00,100.29606678925992,182,1.824061316351837,98.46660503313464,102.12552854538522
2024-08-14 00:00:00+00:00,99.98258330609802,182,1.8153194115249787,98.1675800631983,101.79758654899774
2024-08-15 00:00:00+00:00,99.90586861973884,182,1.8029721044749105,98.1045936777916,101.70714356168608
2024-08-16 00:00:00+00:00,99.83608891861664,182,1.8258065876743432,98.01327503026413,101.65890280696917
2024-08-17 00:00:00+00:00,100.1019236259493,183,1.8258067222240553,98.27425597531112,101.92959127658747
2024-08-18 00:00:00+00:00,99.84702399479771,181,1.8360343593035315,98.01379832751118,101.68024966208424
2024-08-19 00:00:00+00:00,100.07752283086361,182,1.834306958371564,98.24179386581119,101.91325179591604
2024-08-20 00:00:00+00:00,99.45006261971135,182,1.8303758686173006,97.62975267219537,101.27037256722733
2024-08-21 00:00:00+00:00,99.81668518707156,183,1.8037347994013082,98.01625690074349,101.61711347339961
2024-08-22 00:00:00+00:00,100.06789039999532,122,1.7078736948694266,98.35885722284304,101.7769235771476
2024-08-23 00:00:00+00:00,100.04554838247164,182,1.7610841086169065,98.28366212852929,101.80743463641399
2024-08-24 00:00:00+00:00,100.05553041262786,183,1.7813315350340235,98.27320969684216,101.83785112841355
2024-08-25 00:00:00+00:00,99.93485658074974,181,1.801248113860897,98.13478186149939,101.73493130000007
2024-08-26 00:00:00+00:00,99.89264930068886,182,1.8077254756246326,98.08686443100393,101.69843417037377
2024-08-27 00:00:00+00:00,100.1455015145506,181,1.8160655619069,98.3267935497459,101.9642094793553
2024-08-28 00:00:00+00:00,100.07951915262245,181,1.7979805736022763,98.28010884010374,101.87892946514117
2024-08-29 00:00:00+00:00,99.72724502271478,182,1.7867150128357718,97.94540336400642,101.50908668142316
2024-08-30 00:00:00+00:00,100.11391403390327,183,1.7470650678898474,98.36485881371966,101.86296925408686
2024-08-31 00:00:00+00:00,99.86388246957993,182,1.747953992363786,98.11830774902343,101.60945719013644
2024-09-01 00:00:00+00:00,100.01528610654684,182,1.7721788085441146,98.24283640086185,101.78773581223183
2024-09-02 00:00:00+00:00,99.76745761530896,182,1.8024595740622793,97.9691895237233,101.56572570689463
2024-09-03 00:00:00+00:00,99.80651749353761,182,1.765116422575601,98.0448162624584,101.56821872461683
2024-09-04 00:00:00+00:00,99.58157460446517,181,1.8009681965340856,97.7881421162309,101.37500709269945
2024-09-05 00:00:00+00:00,99.82392733082484,181,1.7926618768911198,98.03442184154964,101.61343282010003
2024-09-06 00:00:00+00:00,99.53861042313694,181,1.8183738397832754,97.72862637071884,101.34859447555505
2024-09-07 00:00:00+00:00,100.0979963524878,182,1.7576983760328835,98.33857549615867,101.85741720881693
2024-09-08 00:00:00+00:00,99.73623526815278,122,1.8043440991269606,97.93665039240048,101.53582014390507
2024-09-09 00:00:00+00:00,99.91258460293659,181,1.8071966074224688,98.10696776360422,101.71820144226898
2024-09-10 00:00:00+00:00,99.70254312123194,181,1.8131573127192733,97.89477916966224,101.51030707280164
2024-09-11 00:00:00+00:00,99.87710845176332,182,1.7452504624919052,98.13400275458538,101.62021414894126
2024-09-12 00:00:00+00:00,99.69597505453022,181,1.7551473197218361,97.94616382049009,101.44578628857036
2024-09-13 00:00:00+00:00,99.44634769438665,60,1.7422130824111055,97.713780414875,101.17891497389829
2024-09-14 00:00:00+00:00,100.05692140679258,181,1.7716675098784167,98.28424543884385,101.82959737474133
2024-09-15 00:00:00+00:00,99.83545485528781,181,1.754918076788229,98.08342441098861,101.587485299587
2024-09-16 00:00:00+00:00,99.9947890373033,181,1.7561227877754266,98.23875776043126,101.75082031417534
2024-09-17 00:00:00+00:00,99.83268299758278,181,1.7548769145052676,98.08074229052697,101.58462370463859
2024-09-18 00:00:00+00:00,99.78820693712939,180,1.7774311221096735,98.01454029083365,101.56187358342513
2024-09-19 00:00:00+00:00,100.06419738723234,180,1.757873861998069,98.30519501614403,101.82319975832064
2024-09-20 00:00:00+00:00,99.65834033262564,181,1.7617840378654455,97.90257560024382,101.41410506500746
2024-09-21 00:00:00+00:00,99.69461808885316,181,1.7854792830098634,97.91459133660089,101.47464484110544
2024-09-22 00:00:00+00:00,100.2488858303208,181,1.7681732493192361,98.47631184832848,102.02145981231313
2024-09-23 00:00:00+00:00,100.19006471219362,181,1.7746284146012536,98.41206335520364,101.96806606918359
2024-09-24 00:00:00+00:00,99.84923964211104,181,1.9254002248515674,97.92674215752926,101.77173712669283
2024-09-25 00:00:00+00:00,100.42193567656514,180,1.8903351683473224,98.5236245097359,102.32024684339437
2024-09-26 00:00:00+00:00,100.11236334810619,180,1.720345554291873,98.39008475595053,101.83464194026186
2024-09-27 00:00:00+00:00,99.78025020355103,180,1.7600686329843285,98.02404931780505,101.53645108929702
2024-09-28 00:00:00+00:00,100.1016505994167,180,1.7604449308354753,98.33941616575663,101.86388503307677
2024-09-29 00:00:00+00:00,100.44136279364118,181,1.7815943239042873,98.65190517525755,102.2308204120248
2024-09-30 00:00:00+00:00,100.13801764999593,181,1.793936969917902,98.34160473042975,101.93443056956211
2024-10-01 00:00:00+00:00,99.86085775045554,181,1.7889740708992983,98.07437289832225,101.64734260258882
2024-10-02 00:00:00+00:00,99.77190714286857,181,1.7918255113927835,97.98416865747953,101.55964562825761
2024-10-03 00:00:00+00:00,99.28025208671846,181,1.8337001597443392,97.45974994560973,101.1007542278272
2024-10-04 00:00:00+00:00,99.48467328996433,180,1.779667740896174,97.71417665228688,101.25516992764179
2024-10-05 00:00:00+00:00,99.58159618363304,181,1.7646495803632267,97.82432996445955,101.33886240280651
2024-10-06 00:00:00+00:00,99.7638451191252,181,1.784880316235588,97.98317988487416,101.54451035337621
2024-10-07 00:00:00+00:00,99.82039278992781,180,1.7411779455094911,98.08234212554865,101.55844345430698
2024-10-08 00:00:00+00:00,103.50151590136724,181,3.454369956505896,99.92619063154224,107.07684117119224
2024-10-09 00:00:00+00:00,101.00818072569533,120,1.7476698620160478,99.24289119298165,102.773470258409
2024-10-10 00:00:00+00:00,100.64856905296865,61,1.703982465049045,98.93353508498329,102.36360302095402
2024-10-11 00:00:00+00:00,100.20544615817344,182,1.7117703025735713,98.49015908927649,101.9207332270704
2024-10-12 00:00:00+00:00,99.96068790096152,181,1.7784239479363713,98.18296308880889,101.73841271311414
2024-10-13 00:00:00+00:00,99.74576852196822,181,1.7599835456098198,97.99025940853952,101.50127763539692
2024-10-14 00:00:00+00:00,99.90412058316015,181,1.796238212853818,98.10960459302987,101.69863657329043
2024-10-15 00:00:00+00:00,99.56372185625332,181,1.8048111530077022,97.76678469984209,101.36065901266456
2024-10-16 00:00:00+00:00,99.38738794929398,181,1.7921367460616708,97.60623004890381,101.16854584968415
2024-10-17 00:00:00+00:00,99.85099012557292,181,1.7475647554766822,98.1060294141439,101.59595083700194
2024-10-18 00:00:00+00:00,99.27496349482563,181,1.8121284018094204,97.47597368544996,101.0739533042013
2024-10-19 00:00:00+00:00,99.17573729261449,181,1.8681042334908513,97.32303114565539,101.02844343957358
2024-10-20 00:00:00+00:00,99.26868918915129,182,1.7806528770481944,97.50105841909664,101.03631995920593
2024-10-21 00:00:00+00:00,99.16723164369904,182,1.8084115885443846,97.37387993461573,100.96058335278235
2024-10-22 00:00:00+00:00,99.06347633417087,182,1.789254082876531,97.2909790392223,100.83597362911945
2024-10-23 00:00:00+00:00,99.26694315910285,181,1.7405997444213304,97.53910300018063,100.99478331802507
2024-10-24 00:00:00+00:00,99.59355136780052,181,1.7697435733235127,97.83100089302421,101.35610184257682
2024-10-25 00:00:00+00:00,99.64851086010408,181,1.7603672531241892,97.89433110669691,101.40269061351125
2024-10-26 00:00:00+00:00,99.17239241883226,182,1.802840278812237,97.38447258284383,100.96031225482069
2024-10-27 00:00:00+00:00,99.68123593929043,181,1.730284466359246,97.95646699795797,101.40600488062289
2024-10-28 00:00:00+00:00,98.8230382920171,180,1.8043607527666226,97.03991417438442,100.60616240964978
2024-10-29 00:00:00+00:00,98.69431445632863,182,1.8091815463060157,96.9087551319315,100.47987378072577
2024-10-30 00:00:00+00:00,98.38944013820243,182,1.8061983474641479,96.61233169634698,100.16654858005786
2024-10-31 00:00:00+00:00,98.3099669500985,180,1.8715429229853437,96.4700537210547,100.1498801791423
2024-11-01 00:00:00+00:00,98.70059071954675,180,1.7847694495201991,96.93901272988832,100.46216870920519
2024-11-02 00:00:00+00:00,98.52433623795758,182,1.769165630470525,96.78127754358643,100.26739493232874
2024-11-03 00:00:00+00:00,98.12268614337,182,1.8065144003623825,96.35008568816764,99.89528659857237
2024-11-04 00:00:00+00:00,98.61709694677359,183,1.751121007432938,96.89019224521812,100.34400164832904
2024-11-05 00:00:00+00:00,99.08260896211853,181,1.7662343188645346,97.33257791860325,100.8326400056338
2024-11-06 00:00:00+00:00,98.9954932163882,121,1.8227168928165143,97.19108563840607,100.79990079437034
2024-11-07 00:00:00+00:00,99.90531673668605,181,1.7901124850260162,98.11689918857785,101.69373428479425
2024-11-08 00:00:00+00:00,99.12257955015835,180,1.7981320840103483,97.34022464476827,100.90493445554841
2024-11-09 00:00:00+00:00,98.21456811674942,180,1.7514023652114032,96.4944358477705,99.93470038572833
2024-11-10 00:00:00+00:00,99.5894305835228,182,1.7917927783457934,97.80499435833154,101.37386680871407
2024-11-11 00:00:00+00:00,97.49061540481303,181,1.8782651523654554,95.6594831488378,99.32174766078828
2024-11-12 00:00:00+00:00,98.7388260728062,120,1.9783077577290653,96.78546821671726,100.69218392889515
2024-11-13 00:00:00+00:00,98.26367844778326,182,1.7666511151761204,96.52770207667243,99.99965481889409
2024-11-14 00:00:00+00:00,99.50598487068524,181,1.7692949993949627,97.74543045626949,101.26653928510098
2024-11-15 00:00:00+00:00,97.34166780429575,183,1.843988055856002,95.5466990766135,99.13663653197798
2024-11-16 00:00:00+00:00,98.46488038601822,183,1.8799717292647424,96.61376847150675,100.31599230052971
2024-11-17 00:00:00+00:00,97.88626597567756,183,1.8266790719154962,96.09819804082032,99.6743339105348
2024-11-18 00:00:00+00:00,97.85557929427998,183,1.795926348251944,96.09816516249943,99.61299342606053
2024-11-19 00:00:00+00:00,98.4635372813442,182,1.8678707689550353,96.62436565038682,100.30270891230157
2024-11-20 00:00:00+00:00,98.28245731539803,182,1.8510317970569166,96.46321777956113,100.10169685123495
2024-11-21 00:00:00+00:00,97.39008857135629,183,1.9771179623277502,95.46457163668511,99.31560550602748
2024-11-22 00:00:00+00:00,97.54110549864541,183,1.7973513045928653,95.7879491664512,99.29426183083962
2024-11-23 00:00:00+00:00,98.78597120495232,183,1.853068683842169,96.955399308524,100.61654310138063
2024-11-24 00:00:00+00:00,99.09724633323827,182,1.7937559896684048,97.31968354153936,100.87480912493719
2024-11-25 00:00:00+00:00,99.16051163757919,182,1.8422127447239471,97.33376405445823,100.98725922070014
2024-11-26 00:00:00+00:00,98.95098892314492,182,1.8211882098166845,97.1489051793796,100.75307266691026
2024-11-27 00:00:00+00:00,99.47410185457929,183,1.8120652452518502,97.67156622684604,101.27663748231255
2024-11-28 00:00:00+00:00,98.6242572362703,183,1.7881130216255967,96.86074405014702,100.38777042239357
2024-11-29 00:00:00+00:00,99.21055540912022,182,1.8430647545083643,97.38204062962274,101.03907018861771
2024-11-30 00:00:00+00:00,97.69944733769698,181,1.8963859196798118,95.8466887747799,99.55220590061407
2024-12-01 00:00:00+00:00,94.15238698793077,181,2.7709811500017127,91.54344209221854,96.761331883643
2024-12-02 00:00:00+00:00,96.28008638664008,182,2.5779902767999285,93.79799512109793,98.76217765218223
2024-12-03 00:00:00+00:00,98.16132944379135,182,1.7896226245588818,96.40461208349747,99.91804680408522
2024-12-04 00:00:00+00:00,98.65189315738472,181,2.4143616537655204,96.27007967827909,101.03370663649035
2024-12-05 00:00:00+00:00,99.00858798815165,182,1.9289396098531166,97.09877211729192,100.91840385901138
2024-12-06 00:00:00+00:00,98.34660155203206,182,1.7958565518501644,96.58043766453791,100.1127654395262
2024-12-07 00:00:00+00:00,98.54046758941287,181,1.7699449903361517,96.79635551986024,100.28457965896551
2024-12-08 00:00:00+00:00,97.27399259261571,183,1.7775007041898119,95.54494668928842,99.003038495943
2024-12-09 00:00:00+00:00,98.92129063907177,183,1.8412285565907545,97.09992358727705,100.7426576908665
2024-12-10 00:00:00+00:00,98.69727267301374,181,1.8345701488954271,96.8866019707807,100.50794337524678
2024-12-11 00:00:00+00:00,98.97531288803759,182,1.9363142732279774,97.05883977761447,100.89178599846072
2024-12-12 00:00:00+00:00,97.01360576340517,183,2.29916225877656,94.78310555381468,99.24410597299565
2024-12-13 00:00:00+00:00,97.09834806286257,182,1.978514763118579,95.17724291169458,99.01945321403058
2024-12-14 00:00:00+00:00,96.45234771448499,183,1.8952477007000983,94.62433681215495,98.28035861681504
2024-12-15 00:00:00+00:00,98.26190540847455,183,1.7616047804795496,96.53091898540856,99.99289183154053
2024-12-16 00:00:00+00:00,98.2762993994058,181,1.8083958724210616,96.49907485749878,100.05352394131282
2024-12-17 00:00:00+00:00,98.52560387183853,181,1.826930215380937,96.72560984481737,100.32559789885968
2024-12-19 00:00:00+00:00,97.45736876791638,182,1.8072879698324404,95.69603346645859,99.21870406937418
2024-12-20 00:00:00+00:00,96.59957440188735,182,1.854147754058837,94.80847556268436,98.39067324109034
2024-12-21 00:00:00+00:00,96.7732639153607,153,2.2648029396586216,94.58154018940202,98.9649876413194
2024-12-22 00:00:00+00:00,98.09644340426993,182,1.8394144453392565,96.29204325392774,99.90084355461212
2024-12-23 00:00:00+00:00,93.75416789223067,121,2.9351743266172616,91.00231962612428,96.50601615833706
2024-12-24 00:00:00+00:00,97.36703530157664,183,1.8420139707650718,95.57352090840185,99.16054969475142
2024-12-25 00:00:00+00:00,94.39523174706424,182,2.706544782329542,91.8403825274462,96.9500809666823
2024-12-26 00:00:00+00:00,93.16802280837213,181,3.3259522857977584,90.0692988241445,96.26674679259975
2024-12-27 00:00:00+00:00,93.1559055840851,183,2.6493344281918048,90.68789410555209,95.62391706261812
2024-12-28 00:00:00+00:00,94.48805814514095,181,2.5571365856009876,92.07186944128763,96.90424684899429
2024-12-29 00:00:00+00:00,90.5168715155723,181,3.265641316015977,87.56091516139468,93.47282786974992
2024-12-30 00:00:00+00:00,83.92104620958835,183,4.59411806389562,80.06561426626347,87.77647815291324
2024-12-31 00:00:00+00:00,98.54285177512499,182,1.7759276233819061,96.79280204958226,100.29290150066771
2025-01-01 00:00:00+00:00,97.84265137170314,183,1.9434855434468448,95.94109358696899,99.7442091564373
2025-01-02 00:00:00+00:00,96.23305858113075,183,1.9040228697279753,94.40075913750731,98.06535802475419
2025-01-03 00:00:00+00:00,98.32331813291533,182,2.0449876973831036,96.31261837343837,100.3340178923923
2025-01-04 00:00:00+00:00,95.36011607899765,183,3.3474045063785067,92.16802725608152,98.5522049019138
2025-01-05 00:00:00+00:00,98.09737884479506,182,1.8588476077413683,96.2738980648816,99.92085962470853
2025-01-06 00:00:00+00:00,98.34002123347395,183,1.7711461911466158,96.5982756930245,100.0817667739234
2025-01-07 00:00:00+00:00,97.36887301885284,180,1.7988692417814343,95.61733431104747,99.1204117266582
2025-01-08 00:00:00+00:00,97.65395340994237,181,1.8353844076229402,95.86162797562892,99.44627884425583
2025-01-10 00:00:00+00:00,97.549424979962,182,1.7920115568847885,95.80132801064643,99.29752194927758
2025-01-11 00:00:00+00:00,97.74215217408211,182,3.208495340310924,94.60609977605706,100.87820457210714
2025-01-12 00:00:00+00:00,97.41054045648319,181,3.190557544309356,94.30260110899634,100.51847980397002
2025-01-13 00:00:00+00:00,91.31286940548242,182,3.4654399615008797,88.14847673911171,94.47726207185312
2025-01-14 00:00:00+00:00,98.67023578767387,182,1.8941483941619528,96.80127510098583,100.53919647436192
2025-01-15 00:00:00+00:00,97.68728313416423,182,1.8368045348722832,95.89295868756238,99.4816075807661
2025-01-16 00:00:00+00:00,97.55534799483719,183,1.9349831865594518,95.66766841354753,99.44302757612685
2025-01-17 00:00:00+00:00,98.73381266236092,183,1.896417567071902,96.86140729439204,100.6062180303298
2025-01-18 00:00:00+00:00,98.43069997818397,181,1.8670591358979491,96.59294060171298,100.26845935465495
2025-01-19 00:00:00+00:00,98.5148599062597,182,2.076714641217495,96.4689873868115,100.56073242570791
2025-01-20 00:00:00+00:00,94.88215144064583,183,2.7147706760795076,92.30631861650183,97.45798426478983
2025-01-21 00:00:00+00:00,98.00583868106602,182,2.53870839495666,95.51775622692212,100.49392113520993
2025-01-22 00:00:00+00:00,97.5187243203091,182,2.0810557411016473,95.48930530919223,99.54814333142598
2025-01-23 00:00:00+00:00,96.62889156397371,182,1.939798987673876,94.75448530361525,98.50329782433215
2025-01-24 00:00:00+00:00,96.78534457383495,181,2.2370652170578085,94.62019329516414,98.95049585250575
2025-01-25 00:00:00+00:00,94.39907885685886,182,2.580650949268044,91.96296813223904,96.83518958147869
2025-01-26 00:00:00+00:00,97.6295956802176,183,2.0344214821577133,95.64339821275554,99.61579314767967
2025-01-27 00:00:00+00:00,97.20921496205652,181,2.672950081325819,94.61086117167204,99.807568752441
2025-01-28 00:00:00+00:00,98.08658516904235,181,1.8757966644637036,96.2466802761551,99.92649006192961
2025-01-29 00:00:00+00:00,97.08561221066076,181,2.3212694410846493,94.83199356272473,99.33923085859676
2025-01-30 00:00:00+00:00,98.35360782039321,182,1.9430863071397007,96.44251233425727,100.26470330652916
2025-01-31 00:00:00+00:00,97.93817973268578,181,1.7808848089346678,96.19401356767925,99.6823458976923
2025-02-01 00:00:00+00:00,98.90828910933544,180,1.791311261146991,97.1365337883121,100.6800444303588
2025-02-02 00:00:00+00:00,99.03742721044247,183,1.8254388700683521,97.2295595182274,100.84529490265753
2025-02-03 00:00:00+00:00,98.69563386658963,181,1.9766392899329883,96.74477719013422,100.64649054304505
2025-02-04 00:00:00+00:00,99.1183215652935,181,1.9472316227031945,97.18825826388147,101.04838486670555
2025-02-05 00:00:00+00:00,97.6938165540681,181,1.7846471236999986,95.95032666690318,99.43730644123303
2025-02-06 00:00:00+00:00,98.05837358679203,182,1.8065428237123236,96.28690707571081,99.82984009787324
2025-02-07 00:00:00+00:00,97.71805066625822,181,1.7987030778594748,95.96039308129996,99.47570825121649
2025-02-08 00:00:00+00:00,97.53655748048949,182,2.0144105903665133,95.57177073712359,99.5013442238554
2025-02-09 00:00:00+00:00,97.60320684862752,182,1.908113922265942,95.74082647017083,99.46558722708421
2025-02-10 00:00:00+00:00,97.94373266910944,181,2.028085207942116,95.95735031474085,99.93011502347801
2025-02-11 00:00:00+00:00,95.30225991817987,181,2.7145995338687863,92.71518521467453,97.88933462168521
2025-02-12 00:00:00+00:00,97.72172493096106,181,1.9266881692339501,95.83893201794488,99.60451784397723
2025-02-13 00:00:00+00:00,97.65914406352454,182,2.245164408808963,95.4665357190628,99.85175240798625
2025-02-15 00:00:00+00:00,98.77203811727681,181,1.81370769915223,96.98060205733418,100.56347417721943
2025-02-16 00:00:00+00:00,98.95917972781838,182,1.8001752689624093,97.17774104799012,100.74061840764664
2025-02-17 00:00:00+00:00,97.45513204960235,182,2.040716653982151,95.46634893970582,99.44391515949889
2025-02-18 00:00:00+00:00,97.00254034934119,182,1.911257767170565,95.14857176256164,98.85650893612073
2025-02-19 00:00:00+00:00,96.91778876396062,181,2.151273283572039,94.83282226725275,99.00275526066848
2025-02-20 00:00:00+00:00,98.52171743123155,182,1.8288198236000444,96.71993273229796,100.32350213016512
2025-02-21 00:00:00+00:00,96.04823243776701,181,2.351043517347441,93.79009669551209,98.30636818002195
2025-02-22 00:00:00+00:00,96.83234906838436,182,1.9235600441767082,94.9697206918672,98.69497744490153
2025-02-23 00:00:00+00:00,94.39431963101947,182,2.341932542663804,92.18366834115454,96.6049709208844
2025-02-24 00:00:00+00:00,96.76184130224296,181,2.3670345897709755,94.47145504891957,99.05222755556633
2025-02-25 00:00:00+00:00,96.91359696338988,182,2.108524794716016,94.87014974196566,98.9570441848141
2025-02-26 00:00:00+00:00,87.46362938483715,181,4.3670950906071395,83.6440095199051,91.28324924976918
2025-02-27 00:00:00+00:00,95.83049754552343,183,2.295247409374939,93.6309505332187,98.03004455782818
2025-02-28 00:00:00+00:00,96.00827439637102,181,1.963300497440252,94.12334346756326,97.89320532517877
2025-03-01 00:00:00+00:00,96.994866781841,181,1.9140881845557143,95.13829949714422,98.85143406653778
2025-03-02 00:00:00+00:00,97.41246591423572,181,2.313950356592248,95.15838981184797,99.6665420166235
2025-03-03 00:00:00+00:00,97.24993211580302,183,2.0112093301922696,95.29403240748435,99.2058318241217
2025-03-04 00:00:00+00:00,97.61932180900499,181,1.8424728625474056,95.82071229607125,99.41793132193871
2025-03-05 00:00:00+00:00,95.15741416019524,181,2.124553477266657,93.13574400877778,97.17908431161271
2025-03-06 00:00:00+00:00,96.72157312191528,182,2.1863562166789254,94.60689499509463,98.83625124873593
2025-03-07 00:00:00+00:00,95.3799211552588,180,2.1531981060661516,93.32620249937638,97.43363981114122
2025-03-08 00:00:00+00:00,88.30922565924705,181,4.7133618466436795,84.14689230995762,92.47155900853647
2025-03-09 00:00:00+00:00,94.61468405430358,181,2.214283281519363,92.51964692342678,96.70972118518038
2025-03-10 00:00:00+00:00,96.09798166709128,181,2.244759859354241,93.94081274897881,98.25515058520374
2025-03-11 00:00:00+00:00,97.0948496928808,181,1.9796009504730114,95.17275912550019,99.0169402602614
2025-03-12 00:00:00+00:00,97.2829785577932,182,1.9650493281118293,95.3713200412761,99.1946370743103
2025-03-13 00:00:00+00:00,96.60166605162547,183,1.9494556873514783,94.71845937870577,98.48487272454517
2025-03-14 00:00:00+00:00,97.10732646450349,182,2.3068733142693034,94.86718346409347,99.3474694649135
2025-03-15 00:00:00+00:00,96.24607689385375,182,2.167287507825148,94.16014769256148,98.33200609514604
2025-03-16 00:00:00+00:00,92.07455201728361,182,2.708341630807482,89.58085859362002,94.5682454409472
2025-03-17 00:00:00+00:00,95.8554741933154,182,2.074989691635027,93.86648298493623,97.84446540169456
2025-03-18 00:00:00+00:00,96.22563489581627,182,2.1517227700874844,94.15512599910174,98.2961437925308
2025-03-19 00:00:00+00:00,92.94720559079232,181,3.312107316476115,89.8686943939596,96.02571678762504
2025-03-20 00:00:00+00:00,95.16992598342229,182,2.4322642280351636,92.85514191787996,97.48471004896462
2025-03-21 00:00:00+00:00,96.69536411631451,181,2.0279522303337942,94.73442832308832,98.65629990954068
2025-03-22 00:00:00+00:00,96.36107881408277,182,2.2040215516050123,94.23725986966129,98.48489775850426
2025-03-23 00:00:00+00:00,93.55289020408172,181,2.8789528702414353,90.8595465863575,96.24623382180594
2025-03-24 00:00:00+00:00,95.87460200095722,181,1.8447322610790566,94.10597228766443,97.64323171425004
2025-03-25 00:00:00+00:00,95.95708092202727,182,1.9492409986878618,94.08664615955102,97.82751568450351
2025-03-26 00:00:00+00:00,95.48718154463278,181,2.043485040881058,93.53591527380927,97.43844781545629
2025-03-27 00:00:00+00:00,95.73551176752217,180,1.9482690236168536,93.87032644715447,97.60069708788986
2025-03-28 00:00:00+00:00,95.26906586690838,180,2.4043226029605287,92.97849018264094,97.55964155117582
2025-03-29 00:00:00+00:00,95.83123645583723,181,2.1396110622409106,93.78082071954589,97.88165219212857
2025-03-30 00:00:00+00:00,95.4835692679251,181,2.080209654869547,93.49731084119968,97.46982769465053
2025-03-31 00:00:00+00:00,96.10316581958797,181,2.107064628693069,94.07821000554918,98.12812163362676
2025-04-01 00:00:00+00:00,94.58978306946163,180,3.056833440222869,91.69833094956006,97.4812351893632
2025-04-02 00:00:00+00:00,96.86152926432919,182,2.0894329344421503,94.83767257107598,98.8853859575824
2025-04-03 00:00:00+00:00,96.70541666929945,182,3.0778204515780794,93.72899757726795,99.68183576133094
2025-04-04 00:00:00+00:00,95.86088055836683,182,1.946292077833802,93.99514783431762,97.72661328241605
2025-04-05 00:00:00+00:00,92.63574539455627,182,3.3496312081076423,89.53278955695707,95.73870123215546
2025-04-06 00:00:00+00:00,94.01998834663995,182,2.9612665103568596,91.23580591868948,96.80417077459042
2025-04-07 00:00:00+00:00,97.27430713744275,181,1.925913188143493,95.40088842760753,99.14772584727797
2025-04-08 00:00:00+00:00,96.4612507865111,181,1.9643678973886098,94.56639694264136,98.35610463038084
2025-04-09 00:00:00+00:00,91.47386726234869,181,3.288119871732747,88.46609685545297,94.4816376692444
2025-04-10 00:00:00+00:00,97.41950818175518,181,2.058189804966841,95.41442979630946,99.42458656720089
2025-04-11 00:00:00+00:00,96.95424216531615,181,1.9512202441958344,95.06245136457984,98.84603296605245
2025-04-12 00:00:00+00:00,95.02660928927229,181,1.978707424598996,93.14631071592078,96.9069078626238
2025-04-13 00:00:00+00:00,97.43559299466888,181,2.20051148366746,95.29151158164171,99.57967440769606
2025-04-14 00:00:00+00:00,95.6590574804143,182,2.1205532512273377,93.63055622691995,97.68755873390865
2025-04-15 00:00:00+00:00,95.92547565608108,181,2.8174742060619886,93.22280012242872,98.62815118973344
2025-04-16 00:00:00+00:00,96.84760899521248,181,1.7817435519677258,95.12203296670536,98.57318502371959
2025-04-17 00:00:00+00:00,95.72241073476881,183,1.8442124328500165,93.95708613497446,97.48773533456318
2025-04-18 00:00:00+00:00,101.1649597781703,182,4.902233276729905,96.20561745553441,106.12430210080618
2025-04-19 00:00:00+00:00,104.61811525249765,180,6.03398670489719,98.30547208724792,110.93075841774737
2025-04-20 00:00:00+00:00,99.29069359391603,181,4.3832244860249165,94.93855959996353,103.64282758786852
2025-04-21 00:00:00+00:00,108.59883912626677,182,6.267850518845037,101.79202622463136,115.40565202790218
2025-04-22 00:00:00+00:00,107.24104772885106,182,6.087241826586197,100.71302581623117,113.76906964147095
2025-04-23 00:00:00+00:00,104.87299687222936,182,5.9416489281014515,98.64181157770268,111.10418216675605
2025-04-24 00:00:00+00:00,105.22028966991321,181,5.954779977943531,98.95465292791503,111.4859264119114
2025-04-25 00:00:00+00:00,105.58818312879272,182,5.9752388999559365,99.27903693672438,111.89732932086105
2025-04-26 00:00:00+00:00,103.67159064508135,182,6.259988470348982,97.18176102367185,110.16142026649085
2025-04-27 00:00:00+00:00,105.67988998617699,183,5.908009324099223,99.43631223209584,111.92346774025813
2025-04-28 00:00:00+00:00,105.22313779771446,182,5.95548522759199,98.9565893701628,111.48968622526611
2025-04-29 00:00:00+00:00,104.25976569489035,183,5.969337026126341,98.03614889791268,110.48338249186801
2025-04-30 00:00:00+00:00,95.21747485227982,183,6.082080996347305,89.42627090908753,101.00867879547211
2025-05-01 00:00:00+00:00,96.30176465843896,180,1.8901068283896487,94.48155842877007,98.12197088810785
2025-05-02 00:00:00+00:00,95.77752607624383,182,1.8324137449602544,94.02248552383985,97.53256662864781
2025-05-03 00:00:00+00:00,95.24530950011383,182,1.916762388815937,93.41968323050432,97.07093576972333
2025-05-04 00:00:00+00:00,95.61060345999826,183,1.852154866045651,93.83974701555829,97.38145990443822
2025-05-05 00:00:00+00:00,95.03640688338308,182,1.8369166984943077,93.29066725569322,96.78214651107294
2025-05-06 00:00:00+00:00,95.10554256889442,181,1.851110490410037,93.34503389344023,96.86605124434861
2025-05-07 00:00:00+00:00,95.43717091498249,180,1.883799118513525,93.6393263305518,97.23501549941318
2025-05-08 00:00:00+00:00,95.42498194971287,181,1.9871325640411301,93.52876105915976,97.32120284026598
2025-05-09 00:00:00+00:00,95.1834363224423,183,1.8775508837168493,93.39631887261822,96.97055377226637
2025-05-10 00:00:00+00:00,95.08251703495776,182,1.8615797356354893,93.31248016570282,96.85255390421271
2025-05-11 00:00:00+00:00,94.97035859603457,183,1.9849313596883429,93.08526216585341,96.85545502621572
2025-05-12 00:00:00+00:00,95.45982887290474,182,1.8827760182616782,93.66253410781205,97.25712363799742
2025-05-13 00:00:00+00:00,95.00603982482976,182,1.9385368153989124,93.16431276597288,96.84776688368663
2025-05-14 00:00:00+00:00,98.86634118732691,61,1.9187234547877612,96.96936951007517,100.76331286457865
2025-05-15 00:00:00+00:00,93.42243385748635,60,2.1335365336763457,91.42923210048725,95.41563561448544
2025-05-16 00:00:00+00:00,97.11190757983812,182,2.643447591347458,94.54480519800731,99.67900996166891
2025-05-17 00:00:00+00:00,94.5231158839508,183,2.021357502288072,92.61246578963411,96.43376597826747
2025-05-18 00:00:00+00:00,94.32518858224398,183,2.0574299026639578,92.38451394660873,96.26586321787923
2025-05-19 00:00:00+00:00,94.56663122153698,183,2.0062090153689605,92.66942694043978,96.46383550263418
2025-05-20 00:00:00+00:00,95.28777154604964,183,1.913547962075152,93.46439433552338,97.1111487565759
2025-05-21 00:00:00+00:00,94.89339640638391,183,1.8836611375483865,93.10592637617712,96.6808664365907
2025-05-22 00:00:00+00:00,94.88671067441807,183,1.8797808333488388,93.10304847376518,96.67037287507094
2025-05-23 00:00:00+00:00,95.07376301289221,182,1.82268756469157,93.3408653571719,96.80666066861254
2025-05-24 00:00:00+00:00,94.8540475695853,183,1.8711589936726236,93.0791775276245,96.62891761154611
2025-05-25 00:00:00+00:00,94.65290585107377,183,1.8532780728202272,92.89872430164864,96.4070874004989
2025-05-26 00:00:00+00:00,94.68992554320128,182,2.3275783036843887,92.48594338048284,96.89390770591974
2025-05-27 00:00:00+00:00,94.67160609607959,183,2.1185100861990738,92.66597857216748,96.6772336199917
2025-05-28 00:00:00+00:00,93.54951204283913,183,3.4168941562958057,90.35302423260411,96.74599985307414
2025-05-30 00:00:00+00:00,93.30192275769878,183,2.2140967261081905,91.23612794052457,95.36771757487298
2025-05-31 00:00:00+00:00,94.95923791837176,183,1.9037645479963325,93.1514376118343,96.7670382249092
2025-06-01 00:00:00+00:00,94.58078979904363,183,1.921664775613462,92.7632640769784,96.39831552110886
2025-06-02 00:00:00+00:00,95.1230124777473,183,1.8746819286612555,93.33975855282877,96.9062664026658
2025-06-03 00:00:00+00:00,95.49532901417955,182,1.8830969825414656,93.69705935504548,97.2935986733136
2025-06-04 00:00:00+00:00,95.85162533649941,182,2.033276591272343,93.9026966761783,97.80055399682053
2025-06-06 00:00:00+00:00,95.06882872194066,181,1.880207893857481,93.28133709971289,96.85632034416844
2025-06-07 00:00:00+00:00,94.24762803954363,183,1.9320339489894285,92.42673186970237,96.06852420938488
2025-06-08 00:00:00+00:00,94.49213918415728,182,1.8763707004416181,92.71911637028524,96.26516199802933
2025-06-09 00:00:00+00:00,95.29255877127012,183,1.91761593208944,93.46521348217655,97.11990406036368
2025-06-10 00:00:00+00:00,94.6455791191655,182,2.0333208989040314,92.72113077904676,96.57002745928423
2025-06-11 00:00:00+00:00,94.58242931327693,182,1.892039748740058,92.79289215534577,96.3719664712081
2025-06-12 00:00:00+00:00,93.83935630192879,183,1.9430163244939607,92.01604229018226,95.66267031367532
2025-06-13 00:00:00+00:00,94.33507076135898,61,1.8914910760178074,92.5507313163528,96.11941020636516
2025-06-14 00:00:00+00:00,97.31797701237448,121,1.8503825474271656,95.51722215022832,99.11873187452065
2025-06-15 00:00:00+00:00,94.94281300632603,182,1.917034477580012,93.12272654701044,96.76289946564161
2025-06-16 00:00:00+00:00,95.28170584285692,183,1.9207539000830012,93.45157876181463,97.1118329238992
2025-06-17 00:00:00+00:00,96.30637641339351,181,1.862639987449936,94.51253533585358,98.10021749093343
2025-06-18 00:00:00+00:00,95.31969691732891,182,1.8802864891804505,93.52741353466462,97.1119802999932
2025-06-19 00:00:00+00:00,95.58604970753768,182,1.8608208431188396,93.80736457146588,97.36473484360948
2025-06-20 00:00:00+00:00,95.68100765997654,182,1.8782865065717826,93.88384420374729,97.4781711162058
2025-06-21 00:00:00+00:00,95.37019151685885,182,1.8840102056434667,93.5734073755395,97.16697565817819
2025-06-22 00:00:00+00:00,95.4356131184181,182,1.859835408407325,93.66066779341114,97.21055844342507
2025-06-23 00:00:00+00:00,95.31809337119708,182,1.8762150527026413,93.52972095541752,97.10646578697663
2025-06-24 00:00:00+00:00,95.17144411380632,181,1.8751428148043936,93.38684361776069,96.95604460985193
2025-06-25 00:00:00+00:00,95.22823033775035,182,1.8661502212566086,93.45112850660367,97.00533216889703
2025-06-26 00:00:00+00:00,98.10355261304353,60,3.458423390451324,94.71071640261032,101.49638882347675
2025-06-27 00:00:00+00:00,95.97382635595812,183,1.8812645834209398,94.16830475136958,97.77934796054669
2025-06-28 00:00:00+00:00,96.10459699820967,183,2.0289707160460817,94.15466286834189,98.05453112807746
2025-06-29 00:00:00+00:00,95.90635202505956,180,1.8530468837646197,94.12916235752687,97.68354169259226
2025-06-30 00:00:00+00:00,95.86875887211768,182,1.8879600490402204,94.0587950051014,97.67872273913396
2025-07-01 00:00:00+00:00,95.75371199013608,182,1.9052349230172967,93.92937882921461,97.57804515105757
2025-07-02 00:00:00+00:00,95.7288055305706,183,1.894263140412678,93.91545005264767,97.54216100849352
2025-07-03 00:00:00+00:00,101.20467417431094,61,2.0842846368655863,99.0952806987059,103.31406764991597
2025-07-05 00:00:00+00:00,95.82010205178244,182,1.872325012413527,94.02603831414676,97.61416578941812
2025-07-06 00:00:00+00:00,95.72797625354848,181,1.915957893144642,93.89386853657099,97.56208397052598
2025-07-07 00:00:00+00:00,95.66399377194585,181,1.918130422214221,93.82903360430105,97.49895393959066
2025-07-08 00:00:00+00:00,96.20968217972376,182,1.8814472204720074,94.3995477885284,98.01981657091912
2025-07-09 00:00:00+00:00,101.29987033457967,60,2.0675798719619656,99.20541460521832,103.394326063941
2025-07-10 00:00:00+00:00,95.6017740149084,182,1.8602956533533652,93.82329836838035,97.38024966143645
2025-07-11 00:00:00+00:00,95.73867785963196,183,1.8577284968356251,93.96011315853993,97.51724256072401
2025-07-12 00:00:00+00:00,95.99143395972789,181,1.8824450220802875,94.1844479895295,97.79841992992627
2025-07-13 00:00:00+00:00,96.81150466985119,182,2.0062680108047504,94.86920642088123,98.75380291882115
2025-07-14 00:00:00+00:00,96.83993531704907,182,1.9061800755690732,94.9939917648415,98.68587886925663
2025-07-15 00:00:00+00:00,96.13546453953099,182,1.90492324118746,94.30415773249393,97.96677134656804
2025-07-16 00:00:00+00:00,97.04871723521002,181,1.8829199819613323,95.2213675461511,98.87606692426894
2025-07-17 00:00:00+00:00,96.48974425639297,181,1.8723747209731092,94.68309467660465,98.29639383618127
2025-07-18 00:00:00+00:00,96.46964041684589,182,1.8642171963369925,94.67123679095059,98.26804404274121
2025-07-19 00:00:00+00:00,96.19651794177614,183,1.8788950328355793,94.38908634440732,98.00394953914495
2025-07-20 00:00:00+00:00,95.45184971545602,183,1.870363261632546,93.66655338582942,97.23714604508262
2025-07-21 00:00:00+00:00,95.8138395422194,183,1.884404557445893,94.00831918322191,97.61935990121688
2025-07-22 00:00:00+00:00,95.69966570961574,183,1.8501883862293986,93.92904160899607,97.4702898102354
2025-07-23 00:00:00+00:00,96.86689815893835,182,1.859254762544684,95.06589574158899,98.66790057628774
2025-07-24 00:00:00+00:00,96.50104617445018,182,1.8606355516147506,94.70551340164819,98.29657894725217
2025-07-25 00:00:00+00:00,95.88089654340509,182,1.8704326346448468,94.08750896406717,97.67428412274299
2025-07-26 00:00:00+00:00,96.24630155501404,182,1.8721139117013186,94.44446115410462,98.04814195592347
2025-07-27 00:00:00+00:00,98.03677655209044,181,2.3275372410135797,95.75493406795127,100.31861903622962
2025-07-28 00:00:00+00:00,96.583576361444,182,1.8682936387508449,94.77911154820508,98.38804117468293
2025-07-29 00:00:00+00:00,95.09670099745254,182,1.8897578839763371,93.29960359295178,96.8937984019533
2025-07-30 00:00:00+00:00,94.98382077271786,122,1.9410907120307428,93.1400986497667,96.82754289566903
2025-07-31 00:00:00+00:00,95.37034775537659,181,1.882594103911602,93.57491121165387,97.1657842990993
2025-08-01 00:00:00+00:00,96.4451001963057,183,1.9031762806336685,94.60957992553624,98.28062046707518
